city,garage_id,name,addr,maps_search_url,url,height,notes,status
albuquerque-nm,abq-civic-plaza,Civic Plaza Parking Garage,1 Civic Plaza NW,https://www.google.com/maps/search/?api=1&query=Civic+Plaza+Parking+Garage+1+Civic+Plaza+NW+Albuquerque+NM,,,,unverified
albuquerque-nm,abq-old-town-plaza,Old Town Plaza Garage,303 Romero St NW,https://www.google.com/maps/search/?api=1&query=Old+Town+Plaza+Garage+303+Romero+St+NW+Albuquerque+NM,,,,unverified
albuquerque-nm,abq-rio-grande-bridge,Rio Grande Boulevard Bridge,Central Ave over Rio Grande,https://www.google.com/maps/search/?api=1&query=Rio+Grande+Boulevard+Bridge+Central+Ave+over+Rio+Grande+Albuquerque+NM,,,,unverified
albuquerque-nm,abq-sawmill-market,Sawmill Market,1909 Bellamah Ave NW,https://www.google.com/maps/search/?api=1&query=Sawmill+Market+1909+Bellamah+Ave+NW+Albuquerque+NM,,,,unverified
albuquerque-nm,abq-unm-south,UNM — South Garage,1900 Las Lomas NE,https://www.google.com/maps/search/?api=1&query=UNM+%E2%80%94+South+Garage+1900+Las+Lomas+NE+Albuquerque+NM,,,,unverified
anaheim-ca,ana-packing-district,Anaheim Packing District,440 S Anaheim Blvd,https://www.google.com/maps/search/?api=1&query=Anaheim+Packing+District+440+S+Anaheim+Blvd+Anaheim+CA,,,,unverified
anaheim-ca,ana-pixar-pals,Disneyland — Pixar Pals Structure,1313 S Disneyland Dr,https://www.google.com/maps/search/?api=1&query=Disneyland+%E2%80%94+Pixar+Pals+Structure+1313+S+Disneyland+Dr+Anaheim+CA,,,,unverified
anaheim-ca,ana-grand-californian,Grand Californian Hotel Garage,1600 S Disneyland Dr,https://www.google.com/maps/search/?api=1&query=Grand+Californian+Hotel+Garage+1600+S+Disneyland+Dr+Anaheim+CA,,,,unverified
anaheim-ca,ana-main-place-santa,MainPlace Mall (Santa Ana),"2800 N Main St, Santa Ana",https://www.google.com/maps/search/?api=1&query=MainPlace+Mall+%28Santa+Ana%29+2800+N+Main+St%2C+Santa+Ana+Anaheim+CA,,,,unverified
anaheim-ca,ana-arm-convention-way,Wells Fargo Parking Structure,1300 S Clementine St,https://www.google.com/maps/search/?api=1&query=Wells+Fargo+Parking+Structure+1300+S+Clementine+St+Anaheim+CA,,,,unverified
anchorage-ak,anc-anchorage-museum,Anchorage Museum Lot,625 C St,https://www.google.com/maps/search/?api=1&query=Anchorage+Museum+Lot+625+C+St+Anchorage+AK,,,,unverified
anchorage-ak,anc-anton-tunnel,Anton Anderson Memorial Tunnel (Whittier),Portage Glacier Hwy to Whittier,https://www.google.com/maps/search/?api=1&query=Anton+Anderson+Memorial+Tunnel+%28Whittier%29+Portage+Glacier+Hwy+to+Whittier+Anchorage+AK,,,,unverified
anchorage-ak,anc-dimond-mall,Dimond Center,800 E Dimond Blvd,https://www.google.com/maps/search/?api=1&query=Dimond+Center+800+E+Dimond+Blvd+Anchorage+AK,,,,unverified
anchorage-ak,anc-earthquake-park,Earthquake Park / Coastal Trail,Anchorage Coastal Trail,https://www.google.com/maps/search/?api=1&query=Earthquake+Park+%2F+Coastal+Trail+Anchorage+Coastal+Trail+Anchorage+AK,,,,unverified
anchorage-ak,anc-knik-river-bridge,Knik River Bridge (Glenn Hwy),Glenn Hwy over Knik River,https://www.google.com/maps/search/?api=1&query=Knik+River+Bridge+%28Glenn+Hwy%29+Glenn+Hwy+over+Knik+River+Anchorage+AK,,,,unverified
anchorage-ak,anc-airport-long,Ted Stevens (ANC) — Long Term Lot,4600 Postmark Dr,https://www.google.com/maps/search/?api=1&query=Ted+Stevens+%28ANC%29+%E2%80%94+Long+Term+Lot+4600+Postmark+Dr+Anchorage+AK,,,,unverified
annapolis-md,osm-w259004560,Calvert Street Parking Garage,19 Saint Johns Street,https://www.google.com/maps/search/?api=1&query=Calvert+Street+Parking+Garage+19+Saint+Johns+Street+Annapolis+MD,,,,unverified
annapolis-md,osm-w273397495,Knighton Parking Garage,1 Colonial Avenue,https://www.google.com/maps/search/?api=1&query=Knighton+Parking+Garage+1+Colonial+Avenue+Annapolis+MD,,,,unverified
annapolis-md,osm-w220369843,Marriot Hotel Valet Parking,80 Compromise Street,https://www.google.com/maps/search/?api=1&query=Marriot+Hotel+Valet+Parking+80+Compromise+Street+Annapolis+MD,,,,unverified
annapolis-md,osm-n6986440033,Noah Hillman Parking Garage,,https://www.google.com/maps/search/?api=1&query=Noah+Hillman+Parking+Garage+Annapolis+MD,,,,unverified
annapolis-md,osm-w229845391,Parking Garage D,,https://www.google.com/maps/search/?api=1&query=Parking+Garage+D+Annapolis+MD,,,,unverified
annapolis-md,osm-w29438166,Unnamed parking structure,,https://www.google.com/maps/search/?api=1&query=Unnamed+parking+structure+Annapolis+MD,,,,unverified
annapolis-md,osm-w200693232,Unnamed parking structure,,https://www.google.com/maps/search/?api=1&query=Unnamed+parking+structure+Annapolis+MD,,,,unverified
annapolis-md,osm-w367037064,Unnamed parking structure,,https://www.google.com/maps/search/?api=1&query=Unnamed+parking+structure+Annapolis+MD,,,,unverified
annapolis-md,osm-w941946595,Unnamed parking structure,,https://www.google.com/maps/search/?api=1&query=Unnamed+parking+structure+Annapolis+MD,,,,unverified
annapolis-md,osm-w1015978221,Unnamed parking structure,,https://www.google.com/maps/search/?api=1&query=Unnamed+parking+structure+Annapolis+MD,,,,unverified
annapolis-md,osm-w1421455395,Unnamed parking structure,,https://www.google.com/maps/search/?api=1&query=Unnamed+parking+structure+Annapolis+MD,,,,unverified
annapolis-md,osm-w1481197623,Unnamed parking structure,,https://www.google.com/maps/search/?api=1&query=Unnamed+parking+structure+Annapolis+MD,,,,unverified
arlington-tx,arl-arlington-life-ctr,Arlington ISD Center for Visual & Performing Arts,1200 W Green Oaks Blvd,https://www.google.com/maps/search/?api=1&query=Arlington+ISD+Center+for+Visual+%26+Performing+Arts+1200+W+Green+Oaks+Blvd+Arlington+TX,,,,unverified
arlington-tx,arl-levitt,Levitt Pavilion Arlington,100 W Abram St,https://www.google.com/maps/search/?api=1&query=Levitt+Pavilion+Arlington+100+W+Abram+St+Arlington+TX,,,,unverified
arlington-tx,arl-parks-lincoln-sq,Lincoln Square,1500 E Copeland Rd,https://www.google.com/maps/search/?api=1&query=Lincoln+Square+1500+E+Copeland+Rd+Arlington+TX,,,,unverified
arlington-tx,arl-loews-hotel,Loews Arlington Hotel,888 Nolan Ryan Expy,https://www.google.com/maps/search/?api=1&query=Loews+Arlington+Hotel+888+Nolan+Ryan+Expy+Arlington+TX,,,,unverified
arlington-tx,arl-texas-live,Texas Live! Garage,1650 E Randol Mill Rd,https://www.google.com/maps/search/?api=1&query=Texas+Live%21+Garage+1650+E+Randol+Mill+Rd+Arlington+TX,,,,unverified
arlington-tx,arl-highlands,The Highlands of Arlington,1201 N Collins St,https://www.google.com/maps/search/?api=1&query=The+Highlands+of+Arlington+1201+N+Collins+St+Arlington+TX,,,,unverified
arlington-tx,arl-parks-mall,The Parks Mall at Arlington,3811 S Cooper St,https://www.google.com/maps/search/?api=1&query=The+Parks+Mall+at+Arlington+3811+S+Cooper+St+Arlington+TX,,,,unverified
arlington-tx,arl-uta-maverick,UT Arlington — Maverick Activities Center Garage,500 W Nedderman Dr,https://www.google.com/maps/search/?api=1&query=UT+Arlington+%E2%80%94+Maverick+Activities+Center+Garage+500+W+Nedderman+Dr+Arlington+TX,,,,unverified
asheville-nc,ash-biltmore-ave,Biltmore Avenue Garage,27 Biltmore Ave,https://www.google.com/maps/search/?api=1&query=Biltmore+Avenue+Garage+27+Biltmore+Ave+Asheville+NC,,,,unverified
asheville-nc,ash-blue-ridge-parkway,Blue Ridge Parkway — Viaducts,BRP MP 382-385 (around Asheville),https://www.google.com/maps/search/?api=1&query=Blue+Ridge+Parkway+%E2%80%94+Viaducts+BRP+MP+382-385+%28around+Asheville%29+Asheville+NC,,,,unverified
asheville-nc,ash-i-240-bowen-bridge,Jeff Bowen Bridge (I-240),I-240 over French Broad River,https://www.google.com/maps/search/?api=1&query=Jeff+Bowen+Bridge+%28I-240%29+I-240+over+French+Broad+River+Asheville+NC,,,,unverified
asheville-nc,ash-omni-grove-park,Omni Grove Park Inn,290 Macon Ave,https://www.google.com/maps/search/?api=1&query=Omni+Grove+Park+Inn+290+Macon+Ave+Asheville+NC,,,,unverified
asheville-nc,ash-rankin-ave,Rankin Avenue Garage,51 Rankin Ave,https://www.google.com/maps/search/?api=1&query=Rankin+Avenue+Garage+51+Rankin+Ave+Asheville+NC,,,,unverified
asheville-nc,ash-tanger-outlets,Tanger Outlets Asheville,800 Brevard Rd,https://www.google.com/maps/search/?api=1&query=Tanger+Outlets+Asheville+800+Brevard+Rd+Asheville+NC,,,,unverified
asheville-nc,ash-unc-asheville,UNC Asheville — Visitor Garage,1 University Heights,https://www.google.com/maps/search/?api=1&query=UNC+Asheville+%E2%80%94+Visitor+Garage+1+University+Heights+Asheville+NC,,,,unverified
asheville-nc,ash-wall-st-garage,Wall Street Garage,37 Wall St,https://www.google.com/maps/search/?api=1&query=Wall+Street+Garage+37+Wall+St+Asheville+NC,,,,unverified
asheville-nc,ash-weaverville-downtown,Weaverville Historic Main Street,"20 N Main St, Weaverville",https://www.google.com/maps/search/?api=1&query=Weaverville+Historic+Main+Street+20+N+Main+St%2C+Weaverville+Asheville+NC,,,,unverified
asheville-nc,ash-western-nc-nature-ctr,Western NC Nature Center,75 Gashes Creek Rd,https://www.google.com/maps/search/?api=1&query=Western+NC+Nature+Center+75+Gashes+Creek+Rd+Asheville+NC,,,,unverified
atlanta-ga,atl-airport-north,ATL — North Parking,6000 N Terminal Pkwy,https://www.google.com/maps/search/?api=1&query=ATL+%E2%80%94+North+Parking+6000+N+Terminal+Pkwy+Atlanta+GA,,,,unverified
atlanta-ga,atl-atlantic-station,Atlantic Station Garage,1380 Atlantic Dr NW,https://www.google.com/maps/search/?api=1&query=Atlantic+Station+Garage+1380+Atlantic+Dr+NW+Atlanta+GA,,,,unverified
atlanta-ga,atl-centennial-olympic,Centennial Olympic Park Parking Decks,265 Park Ave W NW,https://www.google.com/maps/search/?api=1&query=Centennial+Olympic+Park+Parking+Decks+265+Park+Ave+W+NW+Atlanta+GA,,,,unverified
atlanta-ga,atl-cnn,CNN Center Garage,190 Marietta St NW,https://www.google.com/maps/search/?api=1&query=CNN+Center+Garage+190+Marietta+St+NW+Atlanta+GA,,,,unverified
atlanta-ga,atl-aquarium,Georgia Aquarium Parking Deck,557 Luckie St NW,https://www.google.com/maps/search/?api=1&query=Georgia+Aquarium+Parking+Deck+557+Luckie+St+NW+Atlanta+GA,,,,unverified
atlanta-ga,atl-georgia-dome-site,GWCC — Orange Parking Deck,255 Ivan Allen Jr Blvd NW,https://www.google.com/maps/search/?api=1&query=GWCC+%E2%80%94+Orange+Parking+Deck+255+Ivan+Allen+Jr+Blvd+NW+Atlanta+GA,,,,unverified
atlanta-ga,atl-airport-south,Hartsfield-Jackson ATL — South Parking,6000 N Terminal Pkwy,https://www.google.com/maps/search/?api=1&query=Hartsfield-Jackson+ATL+%E2%80%94+South+Parking+6000+N+Terminal+Pkwy+Atlanta+GA,,,,unverified
atlanta-ga,atl-phipps-plaza,Phipps Plaza Garage (Buckhead),3500 Peachtree Rd NE,https://www.google.com/maps/search/?api=1&query=Phipps+Plaza+Garage+%28Buckhead%29+3500+Peachtree+Rd+NE+Atlanta+GA,,,,unverified
atlanta-ga,atl-truist-park,Truist Park — The Battery Atlanta,755 Battery Ave SE,https://www.google.com/maps/search/?api=1&query=Truist+Park+%E2%80%94+The+Battery+Atlanta+755+Battery+Ave+SE+Atlanta+GA,,,,unverified
aurora-co,aur-buckley-space-force,Buckley Space Force Base (visitor gate),18401 E 6th Ave,https://www.google.com/maps/search/?api=1&query=Buckley+Space+Force+Base+%28visitor+gate%29+18401+E+6th+Ave+Aurora+CO,,,,unverified
aurora-co,aur-central-rec-center,Central Recreation Center,18150 E Vassar Pl,https://www.google.com/maps/search/?api=1&query=Central+Recreation+Center+18150+E+Vassar+Pl+Aurora+CO,,,,unverified
aurora-co,aur-saddle-rock-golf,Saddle Rock Golf Course,21705 E Arapahoe Rd,https://www.google.com/maps/search/?api=1&query=Saddle+Rock+Golf+Course+21705+E+Arapahoe+Rd+Aurora+CO,,,,unverified
aurora-co,aur-stanley-marketplace,Stanley Marketplace,2501 Dallas St,https://www.google.com/maps/search/?api=1&query=Stanley+Marketplace+2501+Dallas+St+Aurora+CO,,,,unverified
aurora-co,aur-mississippi-market,The Gardens on Havana,10601 E Iliff Ave,https://www.google.com/maps/search/?api=1&query=The+Gardens+on+Havana+10601+E+Iliff+Ave+Aurora+CO,,,,unverified
aurora-co,aur-town-center,Town Center at Aurora,14200 E Alameda Ave,https://www.google.com/maps/search/?api=1&query=Town+Center+at+Aurora+14200+E+Alameda+Ave+Aurora+CO,,,,unverified
aurora-co,osm-w282622307,University of Denver Station Park-n-Ride,,https://www.google.com/maps/search/?api=1&query=University+of+Denver+Station+Park-n-Ride+Denver+CO,,,,unverified
aurora-co,osm-w257036519,Unnamed parking structure,,https://www.google.com/maps/search/?api=1&query=Unnamed+parking+structure+Denver+CO,,,,unverified
aurora-co,osm-w542367260,Unnamed parking structure,,https://www.google.com/maps/search/?api=1&query=Unnamed+parking+structure+Denver+CO,,,,unverified
austin-tx,atx-2nd-st-dist,2nd Street District — 300 W 2nd,300 W 2nd St,https://www.google.com/maps/search/?api=1&query=2nd+Street+District+%E2%80%94+300+W+2nd+300+W+2nd+St+Austin+TX,,,,unverified
austin-tx,atx-airport-garage,AUS Bergstrom — Economy Garage,3600 Presidential Blvd,https://www.google.com/maps/search/?api=1&query=AUS+Bergstrom+%E2%80%94+Economy+Garage+3600+Presidential+Blvd+Austin+TX,,,,unverified
austin-tx,atx-congress-bats,Congress Avenue Bridge (Ann W. Richards),S Congress Ave over Lady Bird Lake,https://www.google.com/maps/search/?api=1&query=Congress+Avenue+Bridge+%28Ann+W.+Richards%29+S+Congress+Ave+over+Lady+Bird+Lake+Austin+TX,,,,unverified
austin-tx,atx-frost-bank,Frost Bank Tower Garage,401 Congress Ave,https://www.google.com/maps/search/?api=1&query=Frost+Bank+Tower+Garage+401+Congress+Ave+Austin+TX,,,,unverified
austin-tx,atx-ut-sac,UT Austin — Speedway (SAG),2401 Speedway,https://www.google.com/maps/search/?api=1&query=UT+Austin+%E2%80%94+Speedway+%28SAG%29+2401+Speedway+Austin+TX,,,,unverified
austin-tx,atx-ut-trinity,UT Austin — Trinity Garage (TRG),1815 Trinity St,https://www.google.com/maps/search/?api=1&query=UT+Austin+%E2%80%94+Trinity+Garage+%28TRG%29+1815+Trinity+St+Austin+TX,,,,unverified
bakersfield-ca,bak-17th-place,17th Place Parking Structure,1800 Eye St,https://www.google.com/maps/search/?api=1&query=17th+Place+Parking+Structure+1800+Eye+St+Bakersfield+CA,,,,unverified
bakersfield-ca,bak-20-21-structure,20-21 Street Parking Structure,2100 Eye St,https://www.google.com/maps/search/?api=1&query=20-21+Street+Parking+Structure+2100+Eye+St+Bakersfield+CA,,,,unverified
bakersfield-ca,bak-csub,CSU Bakersfield — Visitor Parking Structure,9001 Stockdale Hwy,https://www.google.com/maps/search/?api=1&query=CSU+Bakersfield+%E2%80%94+Visitor+Parking+Structure+9001+Stockdale+Hwy+Bakersfield+CA,,,,unverified
bakersfield-ca,bak-arena,Mechanics Bank Arena (Condors),1001 Truxtun Ave,https://www.google.com/maps/search/?api=1&query=Mechanics+Bank+Arena+%28Condors%29+1001+Truxtun+Ave+Bakersfield+CA,,,,unverified
bakersfield-ca,bak-padre-hotel,Padre Hotel Garage,1702 18th St,https://www.google.com/maps/search/?api=1&query=Padre+Hotel+Garage+1702+18th+St+Bakersfield+CA,,,,unverified
bakersfield-ca,bak-river-walk-park,The Park at River Walk,11200 Stockdale Hwy,https://www.google.com/maps/search/?api=1&query=The+Park+at+River+Walk+11200+Stockdale+Hwy+Bakersfield+CA,,,,unverified
baltimore-md,bal-fells-point,Fells Point Garage,1715 Thames St,https://www.google.com/maps/search/?api=1&query=Fells+Point+Garage+1715+Thames+St+Baltimore+MD,,,,unverified
baltimore-md,bal-key-bridge,Francis Scott Key Bridge (collapsed),I-695 over Patapsco (former),https://www.google.com/maps/search/?api=1&query=Francis+Scott+Key+Bridge+%28collapsed%29+I-695+over+Patapsco+%28former%29+Baltimore+MD,,,,unverified
baltimore-md,bal-hanover-street,Hanover Street Bridge,MD-2 over Middle Branch,https://www.google.com/maps/search/?api=1&query=Hanover+Street+Bridge+MD-2+over+Middle+Branch+Baltimore+MD,,,,unverified
baltimore-md,bal-hopkins-visitor,Johns Hopkins Hospital — Visitor Garage,1800 Orleans St,https://www.google.com/maps/search/?api=1&query=Johns+Hopkins+Hospital+%E2%80%94+Visitor+Garage+1800+Orleans+St+Baltimore+MD,,,,unverified
baltimore-md,osm-w336347909,Lexington Street Garage,510 East Lexington Street,https://www.google.com/maps/search/?api=1&query=Lexington+Street+Garage+510+East+Lexington+Street+Baltimore+MD,,,,unverified
baltimore-md,osm-w178328345,Lockwood Place Garage,124 Market Place,https://www.google.com/maps/search/?api=1&query=Lockwood+Place+Garage+124+Market+Place+Baltimore+MD,,,,unverified
baltimore-md,bal-mount-vernon,Mount Vernon District Garages,12 W Biddle St,https://www.google.com/maps/search/?api=1&query=Mount+Vernon+District+Garages+12+W+Biddle+St+Baltimore+MD,,,,unverified
baltimore-md,bal-aquarium-lockwood,National Aquarium — Lockwood Place Garage,111 Water St,https://www.google.com/maps/search/?api=1&query=National+Aquarium+%E2%80%94+Lockwood+Place+Garage+111+Water+St+Baltimore+MD,,,,unverified
baltimore-md,osm-w178328582,Unnamed parking structure,,https://www.google.com/maps/search/?api=1&query=Unnamed+parking+structure+Baltimore+MD,,,,unverified
baton-rouge-la,btr-i-10-atchafalaya-basin,Atchafalaya Basin Bridge (I-10),I-10 west of BR,https://www.google.com/maps/search/?api=1&query=Atchafalaya+Basin+Bridge+%28I-10%29+I-10+west+of+BR+Baton+Rouge+LA,,,,unverified
baton-rouge-la,btr-airport-main,Baton Rouge BTR — Main Garage,9430 Jackie Cochran Dr,https://www.google.com/maps/search/?api=1&query=Baton+Rouge+BTR+%E2%80%94+Main+Garage+9430+Jackie+Cochran+Dr+Baton+Rouge+LA,,,,unverified
baton-rouge-la,btr-baton-rouge-gallery,Baton Rouge Gallery (City Park),1515 Dalrymple Dr,https://www.google.com/maps/search/?api=1&query=Baton+Rouge+Gallery+%28City+Park%29+1515+Dalrymple+Dr+Baton+Rouge+LA,,,,unverified
baton-rouge-la,btr-horace-wilkinson,Horace Wilkinson Bridge (I-10),I-10 over Mississippi River,https://www.google.com/maps/search/?api=1&query=Horace+Wilkinson+Bridge+%28I-10%29+I-10+over+Mississippi+River+Baton+Rouge+LA,,,,unverified
baton-rouge-la,btr-huey-long,Huey P. Long Bridge (Baton Rouge / US-190),US-190 over Mississippi,https://www.google.com/maps/search/?api=1&query=Huey+P.+Long+Bridge+%28Baton+Rouge+%2F+US-190%29+US-190+over+Mississippi+Baton+Rouge+LA,,,,unverified
baton-rouge-la,btr-lasm-planetarium,Irene W. Pennington Planetarium,100 S River Rd,https://www.google.com/maps/search/?api=1&query=Irene+W.+Pennington+Planetarium+100+S+River+Rd+Baton+Rouge+LA,,,,unverified
baton-rouge-la,btr-lsu-museum-art,LSU Shaw Center for the Arts,100 Lafayette St,https://www.google.com/maps/search/?api=1&query=LSU+Shaw+Center+for+the+Arts+100+Lafayette+St+Baton+Rouge+LA,,,,unverified
baton-rouge-la,btr-lsu-vet-med,LSU Vet Med + AgCenter Botanic Gardens,Skip Bertman Dr,https://www.google.com/maps/search/?api=1&query=LSU+Vet+Med+%2B+AgCenter+Botanic+Gardens+Skip+Bertman+Dr+Baton+Rouge+LA,,,,unverified
baton-rouge-la,btr-lsu-union-sq,LSU — Union Square Garage,Raphael Semmes Rd,https://www.google.com/maps/search/?api=1&query=LSU+%E2%80%94+Union+Square+Garage+Raphael+Semmes+Rd+Baton+Rouge+LA,,,,unverified
baton-rouge-la,btr-mid-city-district,Mid City / White Light Night District,3000 block of Government St,https://www.google.com/maps/search/?api=1&query=Mid+City+%2F+White+Light+Night+District+3000+block+of+Government+St+Baton+Rouge+LA,,,,unverified
baton-rouge-la,btr-baton-rouge-farmers,Red Stick Farmers Market,501 Main St,https://www.google.com/maps/search/?api=1&query=Red+Stick+Farmers+Market+501+Main+St+Baton+Rouge+LA,,,,unverified
birmingham-al,bhm-alabama-theater,Alabama Theatre (Historic),1817 3rd Ave N,https://www.google.com/maps/search/?api=1&query=Alabama+Theatre+%28Historic%29+1817+3rd+Ave+N+Birmingham+AL,,,,unverified
birmingham-al,bhm-bhm-airport,Birmingham BHM — Terminal Garage,5900 Messer Airport Hwy,https://www.google.com/maps/search/?api=1&query=Birmingham+BHM+%E2%80%94+Terminal+Garage+5900+Messer+Airport+Hwy+Birmingham+AL,,,,unverified
birmingham-al,bhm-civil-rights-inst,Birmingham Civil Rights Institute,520 16th St N,https://www.google.com/maps/search/?api=1&query=Birmingham+Civil+Rights+Institute+520+16th+St+N+Birmingham+AL,,,,unverified
birmingham-al,bhm-riverchase-galleria,Riverchase Galleria (Hoover),"2000 Riverchase Galleria, Hoover",https://www.google.com/maps/search/?api=1&query=Riverchase+Galleria+%28Hoover%29+2000+Riverchase+Galleria%2C+Hoover+Birmingham+AL,,,,unverified
boise-id,boi-8th-idaho,8th & Idaho Garage,760 W Idaho St,https://www.google.com/maps/search/?api=1&query=8th+%26+Idaho+Garage+760+W+Idaho+St+Boise+ID,,,,unverified
boise-id,boi-9th-st-bridge,9th Street Bridge (Boise River),9th St over Boise River,https://www.google.com/maps/search/?api=1&query=9th+Street+Bridge+%28Boise+River%29+9th+St+over+Boise+River+Boise+ID,,,,unverified
boise-id,boi-airport-main,Boise BOI — Main Garage,3201 Airport Way,https://www.google.com/maps/search/?api=1&query=Boise+BOI+%E2%80%94+Main+Garage+3201+Airport+Way+Boise+ID,,,,unverified
boise-id,boi-convention-ctr,Boise Centre Convention Center,850 W Front St,https://www.google.com/maps/search/?api=1&query=Boise+Centre+Convention+Center+850+W+Front+St+Boise+ID,,,,unverified
boise-id,boi-boise-state-lincoln,Boise State — Lincoln Garage,1420 Lincoln Ave,https://www.google.com/maps/search/?api=1&query=Boise+State+%E2%80%94+Lincoln+Garage+1420+Lincoln+Ave+Boise+ID,,,,unverified
boise-id,boi-boise-towne-square,Boise Towne Square,350 N Milwaukee St,https://www.google.com/maps/search/?api=1&query=Boise+Towne+Square+350+N+Milwaukee+St+Boise+ID,,,,unverified
boise-id,boi-broadway-bridge,Broadway Bridge,Broadway Ave over Boise River,https://www.google.com/maps/search/?api=1&query=Broadway+Bridge+Broadway+Ave+over+Boise+River+Boise+ID,,,,unverified
boise-id,boi-city-center-garage,City Center Plaza Garage,801 W Main St,https://www.google.com/maps/search/?api=1&query=City+Center+Plaza+Garage+801+W+Main+St+Boise+ID,,,,unverified
boise-id,boi-extra-mile-arena,ExtraMile Arena (BSU Basketball),1910 University Dr,https://www.google.com/maps/search/?api=1&query=ExtraMile+Arena+%28BSU+Basketball%29+1910+University+Dr+Boise+ID,,,,unverified
boise-id,boi-idaho-central-arena,Idaho Central Arena (Steelheads),233 S Capitol Blvd,https://www.google.com/maps/search/?api=1&query=Idaho+Central+Arena+%28Steelheads%29+233+S+Capitol+Blvd+Boise+ID,,,,unverified
boise-id,boi-morrison-center,Morrison Center Garage (BSU),2201 Cesar Chavez Ln,https://www.google.com/maps/search/?api=1&query=Morrison+Center+Garage+%28BSU%29+2201+Cesar+Chavez+Ln+Boise+ID,,,,unverified
boise-id,boi-basque-block,The Basque Block / Grove Plaza,600 W Grove St,https://www.google.com/maps/search/?api=1&query=The+Basque+Block+%2F+Grove+Plaza+600+W+Grove+St+Boise+ID,,,,unverified
boston-ma,bos-folio,Folio Boston Garage,75 State St,https://www.google.com/maps/search/?api=1&query=Folio+Boston+Garage+75+State+St+Boston+MA,,,,unverified
boston-ma,bos-haymarket-garage,Haymarket Garage,136 Blackstone St,https://www.google.com/maps/search/?api=1&query=Haymarket+Garage+136+Blackstone+St+Boston+MA,,,,unverified
boston-ma,bos-kendall-cambridge,Kendall Square Garages (Cambridge),3 Cambridge Ctr,https://www.google.com/maps/search/?api=1&query=Kendall+Square+Garages+%28Cambridge%29+3+Cambridge+Ctr+Boston+MA,,,,unverified
boston-ma,bos-zakim-bunker,Leonard P. Zakim Bunker Hill Memorial Bridge,I-93 over Charles River,https://www.google.com/maps/search/?api=1&query=Leonard+P.+Zakim+Bunker+Hill+Memorial+Bridge+I-93+over+Charles+River+Boston+MA,,,,unverified
boston-ma,bos-seaport-wtc,Seaport World Trade Center Garage,200 Seaport Blvd,https://www.google.com/maps/search/?api=1&query=Seaport+World+Trade+Center+Garage+200+Seaport+Blvd+Boston+MA,,,,unverified
boston-ma,bos-south-station,South Station Parking,700 Atlantic Ave,https://www.google.com/maps/search/?api=1&query=South+Station+Parking+700+Atlantic+Ave+Boston+MA,,,,unverified
branson-mo,bra-branson-ip-casino,Branson Mill Craft Village,1335 Branson Hills Pkwy,https://www.google.com/maps/search/?api=1&query=Branson+Mill+Craft+Village+1335+Branson+Hills+Pkwy+Branson+MO,,,,unverified
branson-mo,bra-butterfly-palace,Butterfly Palace & Rainforest Adventure,4106 W 76 Country Blvd,https://www.google.com/maps/search/?api=1&query=Butterfly+Palace+%26+Rainforest+Adventure+4106+W+76+Country+Blvd+Branson+MO,,,,unverified
branson-mo,bra-promised-land-zoo,Promised Land Zoo,2751 Shepherd of the Hills Expy,https://www.google.com/maps/search/?api=1&query=Promised+Land+Zoo+2751+Shepherd+of+the+Hills+Expy+Branson+MO,,,,unverified
branson-mo,bra-sgf-airport,Springfield-Branson SGF Airport (~45mi N),"2300 N Airport Blvd, Springfield",https://www.google.com/maps/search/?api=1&query=Springfield-Branson+SGF+Airport+%28~45mi+N%29+2300+N+Airport+Blvd%2C+Springfield+Branson+MO,,,,unverified
branson-mo,bra-table-rock-dam,Table Rock Dam (Lake),Table Rock Dam,https://www.google.com/maps/search/?api=1&query=Table+Rock+Dam+%28Lake%29+Table+Rock+Dam+Branson+MO,,,,unverified
branson-mo,bra-track-family,The Track Family Fun Parks,3525 W 76 Country Blvd,https://www.google.com/maps/search/?api=1&query=The+Track+Family+Fun+Parks+3525+W+76+Country+Blvd+Branson+MO,,,,unverified
branson-mo,bra-us-65-lake-taneycomo,US-65 Bridges over Lake Taneycomo,US-65 near Branson,https://www.google.com/maps/search/?api=1&query=US-65+Bridges+over+Lake+Taneycomo+US-65+near+Branson+Branson+MO,,,,unverified
buffalo-ny,buf-airport-garage,Buffalo BUF — Main Garage,4200 Genesee St,https://www.google.com/maps/search/?api=1&query=Buffalo+BUF+%E2%80%94+Main+Garage+4200+Genesee+St+Buffalo+NY,,,,unverified
buffalo-ny,buf-buffalo-conv-ctr,Buffalo Niagara Convention Center,153 Franklin St,https://www.google.com/maps/search/?api=1&query=Buffalo+Niagara+Convention+Center+153+Franklin+St+Buffalo+NY,,,,unverified
buffalo-ny,buf-electric-tower,Electric Tower Garage,535 Washington St,https://www.google.com/maps/search/?api=1&query=Electric+Tower+Garage+535+Washington+St+Buffalo+NY,,,,unverified
buffalo-ny,buf-190-harbor-bridge,I-190 — Buffalo Harbor Bridge (skyway),I-190 over Buffalo Harbor,https://www.google.com/maps/search/?api=1&query=I-190+%E2%80%94+Buffalo+Harbor+Bridge+%28skyway%29+I-190+over+Buffalo+Harbor+Buffalo+NY,,,,unverified
buffalo-ny,buf-keybank-center,KeyBank Center (Sabres) Garage,1 Seymour H Knox III Plaza,https://www.google.com/maps/search/?api=1&query=KeyBank+Center+%28Sabres%29+Garage+1+Seymour+H+Knox+III+Plaza+Buffalo+NY,,,,unverified
buffalo-ny,buf-larkinville,Larkinville / Hydraulics District,726 Exchange St,https://www.google.com/maps/search/?api=1&query=Larkinville+%2F+Hydraulics+District+726+Exchange+St+Buffalo+NY,,,,unverified
buffalo-ny,buf-peace-bridge,Peace Bridge (US-190),Peace Bridge to Fort Erie ON,https://www.google.com/maps/search/?api=1&query=Peace+Bridge+%28US-190%29+Peace+Bridge+to+Fort+Erie+ON+Buffalo+NY,,,,unverified
buffalo-ny,buf-rainbow-bridge,Rainbow Bridge (Niagara Falls),Rainbow Blvd to Ontario,https://www.google.com/maps/search/?api=1&query=Rainbow+Bridge+%28Niagara+Falls%29+Rainbow+Blvd+to+Ontario+Buffalo+NY,,,,unverified
buffalo-ny,buf-seneca-hotel,Seneca Buffalo Creek Casino,1 Fulton St,https://www.google.com/maps/search/?api=1&query=Seneca+Buffalo+Creek+Casino+1+Fulton+St+Buffalo+NY,,,,unverified
buffalo-ny,buf-ubuff-visitor,University at Buffalo — Flint Visitor Garage,"2 Flint Rd, Amherst",https://www.google.com/maps/search/?api=1&query=University+at+Buffalo+%E2%80%94+Flint+Visitor+Garage+2+Flint+Rd%2C+Amherst+Buffalo+NY,,,,unverified
buffalo-ny,buf-walden-galleria,Walden Galleria,1 Walden Galleria,https://www.google.com/maps/search/?api=1&query=Walden+Galleria+1+Walden+Galleria+Buffalo+NY,,,,unverified
charleston-sc,chs-tradd-garage,99 Tradd Street (historic),99 Tradd St,https://www.google.com/maps/search/?api=1&query=99+Tradd+Street+%28historic%29+99+Tradd+St+Charleston+SC,,,,unverified
charleston-sc,chs-aquarium-wharf,Aquarium Wharf Garage,24 Calhoun St,https://www.google.com/maps/search/?api=1&query=Aquarium+Wharf+Garage+24+Calhoun+St+Charleston+SC,,,,unverified
charleston-sc,chs-ravenel-bridge,Arthur Ravenel Jr. Bridge,US-17 over Cooper River,https://www.google.com/maps/search/?api=1&query=Arthur+Ravenel+Jr.+Bridge+US-17+over+Cooper+River+Charleston+SC,,,,unverified
charleston-sc,chs-charleston-place,Belmond Charleston Place,205 Meeting St,https://www.google.com/maps/search/?api=1&query=Belmond+Charleston+Place+205+Meeting+St+Charleston+SC,,,,unverified
charleston-sc,chs-hutson-st,Hutson Street Garage,91 Hutson St,https://www.google.com/maps/search/?api=1&query=Hutson+Street+Garage+91+Hutson+St+Charleston+SC,,,,unverified
charleston-sc,chs-i-526,I-526 Don N. Holt Bridge (Cooper River),I-526 over Cooper River,https://www.google.com/maps/search/?api=1&query=I-526+Don+N.+Holt+Bridge+%28Cooper+River%29+I-526+over+Cooper+River+Charleston+SC,,,,unverified
charleston-sc,chs-james-island-connector,James Island Connector,US-17 connector,https://www.google.com/maps/search/?api=1&query=James+Island+Connector+US-17+connector+Charleston+SC,,,,unverified
charleston-sc,chs-sc-aquarium,South Carolina Aquarium,100 Aquarium Wharf,https://www.google.com/maps/search/?api=1&query=South+Carolina+Aquarium+100+Aquarium+Wharf+Charleston+SC,,,,unverified
charleston-sc,chs-st-philips-st-garage,St. Philip Street Garage,125 St Philip St,https://www.google.com/maps/search/?api=1&query=St.+Philip+Street+Garage+125+St+Philip+St+Charleston+SC,,,,unverified
charleston-sc,chs-sullivans-island,Sullivan's Island Beach Access,"Middle St, Sullivan's Island",https://www.google.com/maps/search/?api=1&query=Sullivan%27s+Island+Beach+Access+Middle+St%2C+Sullivan%27s+Island+Charleston+SC,,,,unverified
charleston-sc,chs-battery,The Battery / White Point Garden,1 S Battery,https://www.google.com/maps/search/?api=1&query=The+Battery+%2F+White+Point+Garden+1+S+Battery+Charleston+SC,,,,unverified
charlotte-nc,cht-convention-ctr,Charlotte Convention Center Garage,501 S College St,https://www.google.com/maps/search/?api=1&query=Charlotte+Convention+Center+Garage+501+S+College+St+Charlotte+NC,,,,unverified
charlotte-nc,cht-gantt-ctr,Harvey B. Gantt Center / Levine Ctr for the Arts,551 S Tryon St,https://www.google.com/maps/search/?api=1&query=Harvey+B.+Gantt+Center+%2F+Levine+Ctr+for+the+Arts+551+S+Tryon+St+Charlotte+NC,,,,unverified
charlotte-nc,cht-mint-st,Mint Street Garage,410 S Mint St,https://www.google.com/maps/search/?api=1&query=Mint+Street+Garage+410+S+Mint+St+Charlotte+NC,,,,unverified
charlotte-nc,cht-southpark,SouthPark Mall,4400 Sharon Rd,https://www.google.com/maps/search/?api=1&query=SouthPark+Mall+4400+Sharon+Rd+Charlotte+NC,,,,unverified
charlotte-nc,cht-spectrum-center,Spectrum Center — Event Garages,333 E Trade St,https://www.google.com/maps/search/?api=1&query=Spectrum+Center+%E2%80%94+Event+Garages+333+E+Trade+St+Charlotte+NC,,,,unverified
chattanooga-tn,cha-bluff-view-art,Bluff View Art District,411 E 2nd St,https://www.google.com/maps/search/?api=1&query=Bluff+View+Art+District+411+E+2nd+St+Chattanooga+TN,,,,unverified
chattanooga-tn,cha-airport-main,Chattanooga Airport (CHA) Garage,1001 Airport Rd,https://www.google.com/maps/search/?api=1&query=Chattanooga+Airport+%28CHA%29+Garage+1001+Airport+Rd+Chattanooga+TN,,,,unverified
chattanooga-tn,cha-market-st-bridge,Market Street Bridge (US-27),US-27 over Tennessee River,https://www.google.com/maps/search/?api=1&query=Market+Street+Bridge+%28US-27%29+US-27+over+Tennessee+River+Chattanooga+TN,,,,unverified
chattanooga-tn,cha-point-park,Point Park (Civil War),110 Point Park Rd,https://www.google.com/maps/search/?api=1&query=Point+Park+%28Civil+War%29+110+Point+Park+Rd+Chattanooga+TN,,,,unverified
chattanooga-tn,cha-aquarium-lot,Tennessee Aquarium Garage,201 Chestnut St,https://www.google.com/maps/search/?api=1&query=Tennessee+Aquarium+Garage+201+Chestnut+St+Chattanooga+TN,,,,unverified
chattanooga-tn,cha-unum-garage,Unum Garage (Downtown),1 Fountain Sq,https://www.google.com/maps/search/?api=1&query=Unum+Garage+%28Downtown%29+1+Fountain+Sq+Chattanooga+TN,,,,unverified
chattanooga-tn,cha-utc-campus,UTC — Campus Visitor Parking,752 Oak St,https://www.google.com/maps/search/?api=1&query=UTC+%E2%80%94+Campus+Visitor+Parking+752+Oak+St+Chattanooga+TN,,,,unverified
chattanooga-tn,cha-veterans-bridge,Veterans Bridge (US-27),US-27 over Tennessee River,https://www.google.com/maps/search/?api=1&query=Veterans+Bridge+%28US-27%29+US-27+over+Tennessee+River+Chattanooga+TN,,,,unverified
chattanooga-tn,cha-warehouse-row,Warehouse Row,1110 Market St,https://www.google.com/maps/search/?api=1&query=Warehouse+Row+1110+Market+St+Chattanooga+TN,,,,unverified
cheyenne-wy,chy-denver-alt,DEN (Denver) Alt Airport (~100mi S),"8500 Peña Blvd, Denver",https://www.google.com/maps/search/?api=1&query=DEN+%28Denver%29+Alt+Airport+%28~100mi+S%29+8500+Pe%C3%B1a+Blvd%2C+Denver+Cheyenne+WY,,,,unverified
cheyenne-wy,chy-dry-creek-bridge,Dry Creek Bridge,I-25 N of Cheyenne,https://www.google.com/maps/search/?api=1&query=Dry+Creek+Bridge+I-25+N+of+Cheyenne+Cheyenne+WY,,,,unverified
cheyenne-wy,chy-veterans-cemetery,WY Veterans Memorial Museum (American Legion Park),5501 E Lincolnway,https://www.google.com/maps/search/?api=1&query=WY+Veterans+Memorial+Museum+%28American+Legion+Park%29+5501+E+Lincolnway+Cheyenne+WY,,,,unverified
chicago-il,chi-riverwalk-east,East Wacker Drive Garage,100 E Wacker Dr,https://www.google.com/maps/search/?api=1&query=East+Wacker+Drive+Garage+100+E+Wacker+Dr+Chicago+IL,,,,unverified
chicago-il,chi-marina-city,Marina City Parking Garage,300 N State St,https://www.google.com/maps/search/?api=1&query=Marina+City+Parking+Garage+300+N+State+St+Chicago+IL,,,,unverified
chicago-il,chi-mccormick-north,McCormick Place — Lot A,2301 S Lake Shore Dr,https://www.google.com/maps/search/?api=1&query=McCormick+Place+%E2%80%94+Lot+A+2301+S+Lake+Shore+Dr+Chicago+IL,,,,unverified
chicago-il,chi-bascule-michigan,Michigan Ave Bridge (DuSable),N Michigan Ave over Chicago River,https://www.google.com/maps/search/?api=1&query=Michigan+Ave+Bridge+%28DuSable%29+N+Michigan+Ave+over+Chicago+River+Chicago+IL,,,,unverified
cincinnati-oh,cin-brent-spence,Brent Spence Bridge (I-75/I-71),I-75 over Ohio River,https://www.google.com/maps/search/?api=1&query=Brent+Spence+Bridge+%28I-75%2FI-71%29+I-75+over+Ohio+River+Cincinnati+OH,,,,unverified
cincinnati-oh,cin-jack-casino,Hard Rock Casino Cincinnati,1000 Broadway,https://www.google.com/maps/search/?api=1&query=Hard+Rock+Casino+Cincinnati+1000+Broadway+Cincinnati+OH,,,,unverified
cincinnati-oh,cin-heritage-bank-center,Heritage Bank Center (Cyclones),100 Broadway,https://www.google.com/maps/search/?api=1&query=Heritage+Bank+Center+%28Cyclones%29+100+Broadway+Cincinnati+OH,,,,unverified
cincinnati-oh,cin-roebling-bridge,John A. Roebling Suspension Bridge,Roebling Bridge over Ohio River,https://www.google.com/maps/search/?api=1&query=John+A.+Roebling+Suspension+Bridge+Roebling+Bridge+over+Ohio+River+Cincinnati+OH,,,,unverified
cincinnati-oh,cin-mercantile-center,Mercantile Center Garage,120 E 4th St,https://www.google.com/maps/search/?api=1&query=Mercantile+Center+Garage+120+E+4th+St+Cincinnati+OH,,,,unverified
cincinnati-oh,cin-music-hall,Music Hall / Over-the-Rhine Garage,1241 Elm St,https://www.google.com/maps/search/?api=1&query=Music+Hall+%2F+Over-the-Rhine+Garage+1241+Elm+St+Cincinnati+OH,,,,unverified
cincinnati-oh,cin-national-underground,National Underground Railroad Freedom Center,50 E Freedom Way,https://www.google.com/maps/search/?api=1&query=National+Underground+Railroad+Freedom+Center+50+E+Freedom+Way+Cincinnati+OH,,,,unverified
cincinnati-oh,cin-newport-on-levee,Newport on the Levee (KY side),"1 Levee Way, Newport KY",https://www.google.com/maps/search/?api=1&query=Newport+on+the+Levee+%28KY+side%29+1+Levee+Way%2C+Newport+KY+Cincinnati+OH,,,,unverified
cincinnati-oh,cin-taylor-southgate,Taylor-Southgate Bridge,US-27 over Ohio River,https://www.google.com/maps/search/?api=1&query=Taylor-Southgate+Bridge+US-27+over+Ohio+River+Cincinnati+OH,,,,unverified
cincinnati-oh,cin-banks-garage,The Banks — Central Riverfront Garage,166 Marian Spencer Way,https://www.google.com/maps/search/?api=1&query=The+Banks+%E2%80%94+Central+Riverfront+Garage+166+Marian+Spencer+Way+Cincinnati+OH,,,,unverified
cincinnati-oh,cin-washington-park,Washington Park Underground Garage,1230 Elm St,https://www.google.com/maps/search/?api=1&query=Washington+Park+Underground+Garage+1230+Elm+St+Cincinnati+OH,,,,unverified
cleveland-oh,cle-beachwood,Beachwood Place,26300 Cedar Rd,https://www.google.com/maps/search/?api=1&query=Beachwood+Place+26300+Cedar+Rd+Cleveland+OH,,,,unverified
cleveland-oh,cle-case-western,Case Western Reserve — Visitor Garage,10900 Euclid Ave,https://www.google.com/maps/search/?api=1&query=Case+Western+Reserve+%E2%80%94+Visitor+Garage+10900+Euclid+Ave+Cleveland+OH,,,,unverified
cleveland-oh,cle-detroit-superior,Detroit-Superior Bridge (Veterans Memorial),W Superior Ave over Cuyahoga,https://www.google.com/maps/search/?api=1&query=Detroit-Superior+Bridge+%28Veterans+Memorial%29+W+Superior+Ave+over+Cuyahoga+Cleveland+OH,,,,unverified
cleveland-oh,cle-east-4th,East 4th Street Entertainment Garage,2000 E 4th St,https://www.google.com/maps/search/?api=1&query=East+4th+Street+Entertainment+Garage+2000+E+4th+St+Cleveland+OH,,,,unverified
cleveland-oh,cle-innerbelt-bridge,George V. Voinovich Bridge (I-90),I-90 over Cuyahoga Valley,https://www.google.com/maps/search/?api=1&query=George+V.+Voinovich+Bridge+%28I-90%29+I-90+over+Cuyahoga+Valley+Cleveland+OH,,,,unverified
cleveland-oh,cle-hope-memorial,Hope Memorial Bridge (Lorain-Carnegie),Lorain Ave over Cuyahoga,https://www.google.com/maps/search/?api=1&query=Hope+Memorial+Bridge+%28Lorain-Carnegie%29+Lorain+Ave+over+Cuyahoga+Cleveland+OH,,,,unverified
cleveland-oh,cle-convention-ctr,Huntington Convention Center,300 Lakeside Ave,https://www.google.com/maps/search/?api=1&query=Huntington+Convention+Center+300+Lakeside+Ave+Cleveland+OH,,,,unverified
cleveland-oh,cle-huntington-garage,Huntington Garage,200 W 3rd St,https://www.google.com/maps/search/?api=1&query=Huntington+Garage+200+W+3rd+St+Cleveland+OH,,,,unverified
cleveland-oh,cle-playhouse-sq,Playhouse Square Garage,1519 Euclid Ave,https://www.google.com/maps/search/?api=1&query=Playhouse+Square+Garage+1519+Euclid+Ave+Cleveland+OH,,,,unverified
cleveland-oh,cle-progressive-field,Progressive Field (Guardians) Lots,2401 Ontario St,https://www.google.com/maps/search/?api=1&query=Progressive+Field+%28Guardians%29+Lots+2401+Ontario+St+Cleveland+OH,,,,unverified
cleveland-oh,cle-rock-hall,Rock & Roll Hall of Fame — Willard Park Garage,1100 Rock and Roll Blvd,https://www.google.com/maps/search/?api=1&query=Rock+%26+Roll+Hall+of+Fame+%E2%80%94+Willard+Park+Garage+1100+Rock+and+Roll+Blvd+Cleveland+OH,,,,unverified
cleveland-oh,cle-severance-hall,Severance Hall / Cleveland Orchestra,11001 Euclid Ave,https://www.google.com/maps/search/?api=1&query=Severance+Hall+%2F+Cleveland+Orchestra+11001+Euclid+Ave+Cleveland+OH,,,,unverified
colorado-springs-co,cos-1-north-cascade,1 North Cascade Garage,1 N Cascade Ave,https://www.google.com/maps/search/?api=1&query=1+North+Cascade+Garage+1+N+Cascade+Ave+Colorado+Springs+CO,,,,unverified
colorado-springs-co,cos-citadel-mall,Citadel Mall,750 Citadel Dr E,https://www.google.com/maps/search/?api=1&query=Citadel+Mall+750+Citadel+Dr+E+Colorado+Springs+CO,,,,unverified
colorado-springs-co,cos-airport-garage,COS Airport — Terminal Garage,7770 Milton E Proby Pkwy,https://www.google.com/maps/search/?api=1&query=COS+Airport+%E2%80%94+Terminal+Garage+7770+Milton+E+Proby+Pkwy+Colorado+Springs+CO,,,,unverified
colorado-springs-co,cos-incline-trail,Manitou Incline Trailhead,10 Old Man's Trail,https://www.google.com/maps/search/?api=1&query=Manitou+Incline+Trailhead+10+Old+Man%27s+Trail+Colorado+Springs+CO,,,,unverified
colorado-springs-co,cos-monument-creek-bridge,Monument Creek Bridges (various),Monument Valley Park area,https://www.google.com/maps/search/?api=1&query=Monument+Creek+Bridges+%28various%29+Monument+Valley+Park+area+Colorado+Springs+CO,,,,unverified
colorado-springs-co,cos-north-gate,North Gate Business District / InterQuest,9199 N Newport Pkwy,https://www.google.com/maps/search/?api=1&query=North+Gate+Business+District+%2F+InterQuest+9199+N+Newport+Pkwy+Colorado+Springs+CO,,,,unverified
colorado-springs-co,cos-downtown-plaza,Plaza of the Rockies Garage,121 S Tejon St,https://www.google.com/maps/search/?api=1&query=Plaza+of+the+Rockies+Garage+121+S+Tejon+St+Colorado+Springs+CO,,,,unverified
colorado-springs-co,cos-broadmoor,The Broadmoor Hotel Garage,1 Lake Ave,https://www.google.com/maps/search/?api=1&query=The+Broadmoor+Hotel+Garage+1+Lake+Ave+Colorado+Springs+CO,,,,unverified
colorado-springs-co,cos-uccs,UCCS — Visitor Parking,1420 Austin Bluffs Pkwy,https://www.google.com/maps/search/?api=1&query=UCCS+%E2%80%94+Visitor+Parking+1420+Austin+Bluffs+Pkwy+Colorado+Springs+CO,,,,unverified
colorado-springs-co,cos-olympic-museum,US Olympic & Paralympic Museum Garage,200 S Sierra Madre St,https://www.google.com/maps/search/?api=1&query=US+Olympic+%26+Paralympic+Museum+Garage+200+S+Sierra+Madre+St+Colorado+Springs+CO,,,,unverified
columbus-oh,col-convention-connex,Convention Connection (Capitol Square),65 E State St,https://www.google.com/maps/search/?api=1&query=Convention+Connection+%28Capitol+Square%29+65+E+State+St+Columbus+OH,,,,unverified
columbus-oh,col-cosi,COSI — Center of Science & Industry,333 W Broad St,https://www.google.com/maps/search/?api=1&query=COSI+%E2%80%94+Center+of+Science+%26+Industry+333+W+Broad+St+Columbus+OH,,,,unverified
columbus-oh,col-easton,Easton Town Center,160 Easton Town Center,https://www.google.com/maps/search/?api=1&query=Easton+Town+Center+160+Easton+Town+Center+Columbus+OH,,,,unverified
columbus-oh,col-goodale,Goodale Garage,100 W Goodale St,https://www.google.com/maps/search/?api=1&query=Goodale+Garage+100+W+Goodale+St+Columbus+OH,,,,unverified
columbus-oh,col-cmh-airport,John Glenn (CMH) — Terminal Garage,4600 International Gateway,https://www.google.com/maps/search/?api=1&query=John+Glenn+%28CMH%29+%E2%80%94+Terminal+Garage+4600+International+Gateway+Columbus+OH,,,,unverified
columbus-oh,col-north-market,North Market Parking,59 Spruce St,https://www.google.com/maps/search/?api=1&query=North+Market+Parking+59+Spruce+St+Columbus+OH,,,,unverified
columbus-oh,col-lane-ave-garage,OSU — Lane Ave Garage,2100 Kenny Rd,https://www.google.com/maps/search/?api=1&query=OSU+%E2%80%94+Lane+Ave+Garage+2100+Kenny+Rd+Columbus+OH,,,,unverified
columbus-oh,col-rich-st,Rich Street Bridge (Scioto River),Rich St @ Scioto River,https://www.google.com/maps/search/?api=1&query=Rich+Street+Bridge+%28Scioto+River%29+Rich+St+%40+Scioto+River+Columbus+OH,,,,unverified
columbus-oh,col-statehouse,Statehouse Underground Garage,1 Capitol Sq,https://www.google.com/maps/search/?api=1&query=Statehouse+Underground+Garage+1+Capitol+Sq+Columbus+OH,,,,unverified
dallas-tx,dal-dart-cityplace,Cityplace/Uptown DART Station Garage,2711 N Haskell Ave,https://www.google.com/maps/search/?api=1&query=Cityplace%2FUptown+DART+Station+Garage+2711+N+Haskell+Ave+Dallas+TX,,,,unverified
dallas-tx,dal-comerica,Comerica Bank Tower Garage,1717 Main St,https://www.google.com/maps/search/?api=1&query=Comerica+Bank+Tower+Garage+1717+Main+St+Dallas+TX,,,,unverified
dallas-tx,dal-convention,Dallas Convention Center — Main Garage,650 S Griffin St,https://www.google.com/maps/search/?api=1&query=Dallas+Convention+Center+%E2%80%94+Main+Garage+650+S+Griffin+St+Dallas+TX,,,,unverified
dallas-tx,dal-museum-art,Dallas Museum of Art Garage,1717 N Harwood St,https://www.google.com/maps/search/?api=1&query=Dallas+Museum+of+Art+Garage+1717+N+Harwood+St+Dallas+TX,,,,unverified
dallas-tx,dal-deep-ellum,Deep Ellum — Main & Good-Latimer,2731 Main St,https://www.google.com/maps/search/?api=1&query=Deep+Ellum+%E2%80%94+Main+%26+Good-Latimer+2731+Main+St+Dallas+TX,,,,unverified
dallas-tx,dfw-terminal-d,DFW — Terminal D Garage,"DFW Airport, Terminal D",https://www.google.com/maps/search/?api=1&query=DFW+%E2%80%94+Terminal+D+Garage+DFW+Airport%2C+Terminal+D+Dallas+TX,,,,unverified
dallas-tx,dal-klyde-warren,Klyde Warren Park Underground Garage,2012 Woodall Rodgers Fwy,https://www.google.com/maps/search/?api=1&query=Klyde+Warren+Park+Underground+Garage+2012+Woodall+Rodgers+Fwy+Dallas+TX,,,,unverified
dallas-tx,dal-love-a,Love Field — Garage A,8008 Herb Kelleher Way,https://www.google.com/maps/search/?api=1&query=Love+Field+%E2%80%94+Garage+A+8008+Herb+Kelleher+Way+Dallas+TX,,,,unverified
dallas-tx,dal-margaret-hunt,Margaret Hunt Hill Bridge,Woodall Rodgers Fwy over Trinity River,https://www.google.com/maps/search/?api=1&query=Margaret+Hunt+Hill+Bridge+Woodall+Rodgers+Fwy+over+Trinity+River+Dallas+TX,,,,unverified
dallas-tx,osm-w61674923,Orange Garage,,https://www.google.com/maps/search/?api=1&query=Orange+Garage+Dallas+TX,,,,unverified
dallas-tx,dal-parkfast-1925pearl,PARK FAST — 1925 N Pearl,1925 N Pearl St,https://www.google.com/maps/search/?api=1&query=PARK+FAST+%E2%80%94+1925+N+Pearl+1925+N+Pearl+St+Dallas+TX,,,,unverified
dallas-tx,dal-arts-1821pearl,Park Place — 1821 N Pearl,1821 N Pearl St,https://www.google.com/maps/search/?api=1&query=Park+Place+%E2%80%94+1821+N+Pearl+1821+N+Pearl+St+Dallas+TX,,,,unverified
dallas-tx,dal-pegasus-tunnel,Pegasus Plaza / Downtown Pedestrian Tunnels,Downtown Dallas underground,https://www.google.com/maps/search/?api=1&query=Pegasus+Plaza+%2F+Downtown+Pedestrian+Tunnels+Downtown+Dallas+underground+Dallas+TX,,,,unverified
dallas-tx,dal-reunion-tower,Reunion Tower / Hyatt Regency Garage,300 Reunion Blvd,https://www.google.com/maps/search/?api=1&query=Reunion+Tower+%2F+Hyatt+Regency+Garage+300+Reunion+Blvd+Dallas+TX,,,,unverified
dallas-tx,dal-trammell-crow,Trammell Crow Center Garage,2001 Ross Ave,https://www.google.com/maps/search/?api=1&query=Trammell+Crow+Center+Garage+2001+Ross+Ave+Dallas+TX,,,,unverified
dallas-tx,osm-w31265332,Unnamed parking structure,,https://www.google.com/maps/search/?api=1&query=Unnamed+parking+structure+Dallas+TX,,,,unverified
dallas-tx,osm-w306437756,Unnamed parking structure,,https://www.google.com/maps/search/?api=1&query=Unnamed+parking+structure+Dallas+TX,,,,unverified
dallas-tx,osm-w470463076,Unnamed parking structure,,https://www.google.com/maps/search/?api=1&query=Unnamed+parking+structure+Dallas+TX,,,,unverified
dallas-tx,osm-w597520847,Unnamed parking structure,,https://www.google.com/maps/search/?api=1&query=Unnamed+parking+structure+Dallas+TX,,,,unverified
dallas-tx,osm-w598154329,Unnamed parking structure,,https://www.google.com/maps/search/?api=1&query=Unnamed+parking+structure+Dallas+TX,,,,unverified
dallas-tx,osm-w619201239,Unnamed parking structure,,https://www.google.com/maps/search/?api=1&query=Unnamed+parking+structure+Dallas+TX,,,,unverified
denver-co,den-stapleton-central,Central Park (former Stapleton) Shopping,7505 E 35th Ave,https://www.google.com/maps/search/?api=1&query=Central+Park+%28former+Stapleton%29+Shopping+7505+E+35th+Ave+Denver+CO,,,,unverified
denver-co,den-cherry-creek-north,Cherry Creek Shopping Center,3000 E 1st Ave,https://www.google.com/maps/search/?api=1&query=Cherry+Creek+Shopping+Center+3000+E+1st+Ave+Denver+CO,,,,unverified
denver-co,den-convention-ctr,Colorado Convention Center Garage,700 14th St,https://www.google.com/maps/search/?api=1&query=Colorado+Convention+Center+Garage+700+14th+St+Denver+CO,,,,unverified
denver-co,den-nature-science,Denver Museum of Nature & Science,2001 Colorado Blvd,https://www.google.com/maps/search/?api=1&query=Denver+Museum+of+Nature+%26+Science+2001+Colorado+Blvd+Denver+CO,,,,unverified
denver-co,dia-east-garage,DIA — East Economy Garage,8500 Peña Blvd,https://www.google.com/maps/search/?api=1&query=DIA+%E2%80%94+East+Economy+Garage+8500+Pe%C3%B1a+Blvd+Denver+CO,,,,unverified
denver-co,dia-west-garage,DIA — West Economy Garage,8500 Peña Blvd,https://www.google.com/maps/search/?api=1&query=DIA+%E2%80%94+West+Economy+Garage+8500+Pe%C3%B1a+Blvd+Denver+CO,,,,unverified
denver-co,den-lodo-market-st,Market Street Station Garage,1717 Market St,https://www.google.com/maps/search/?api=1&query=Market+Street+Station+Garage+1717+Market+St+Denver+CO,,,,unverified
denver-co,osm-w127700478,Unnamed parking structure,1326 Welton Street,https://www.google.com/maps/search/?api=1&query=Unnamed+parking+structure+1326+Welton+Street+Denver+CO,,,,unverified
denver-co,osm-w664051056,Unnamed parking structure,,https://www.google.com/maps/search/?api=1&query=Unnamed+parking+structure+Denver+CO,,,,unverified
denver-co,osm-w823570948,Unnamed parking structure,,https://www.google.com/maps/search/?api=1&query=Unnamed+parking+structure+Denver+CO,,,,unverified
des-moines-ia,dsm-center-st-bridge,Center Street Bridge,Center St over Des Moines River,https://www.google.com/maps/search/?api=1&query=Center+Street+Bridge+Center+St+over+Des+Moines+River+Des+Moines+IA,,,,unverified
des-moines-ia,dsm-cowles-commons,Cowles Commons Garage,221 Walnut St,https://www.google.com/maps/search/?api=1&query=Cowles+Commons+Garage+221+Walnut+St+Des+Moines+IA,,,,unverified
des-moines-ia,dsm-airport-garage,Des Moines Airport (DSM) — Main Garage,5800 Fleur Dr,https://www.google.com/maps/search/?api=1&query=Des+Moines+Airport+%28DSM%29+%E2%80%94+Main+Garage+5800+Fleur+Dr+Des+Moines+IA,,,,unverified
des-moines-ia,dsm-botanical-garden,Greater Des Moines Botanical Garden,909 Robert D Ray Dr,https://www.google.com/maps/search/?api=1&query=Greater+Des+Moines+Botanical+Garden+909+Robert+D+Ray+Dr+Des+Moines+IA,,,,unverified
des-moines-ia,dsm-valley-junction,Historic Valley Junction,"205 5th St, W Des Moines",https://www.google.com/maps/search/?api=1&query=Historic+Valley+Junction+205+5th+St%2C+W+Des+Moines+Des+Moines+IA,,,,unverified
des-moines-ia,dsm-hy-vee-hall,Hy-Vee Hall (IEC),730 3rd St,https://www.google.com/maps/search/?api=1&query=Hy-Vee+Hall+%28IEC%29+730+3rd+St+Des+Moines+IA,,,,unverified
des-moines-ia,dsm-womens-mlk,MLK Parkway Bridge,MLK Pkwy over Des Moines River,https://www.google.com/maps/search/?api=1&query=MLK+Parkway+Bridge+MLK+Pkwy+over+Des+Moines+River+Des+Moines+IA,,,,unverified
des-moines-ia,dsm-principal-financial,Principal Financial Group Garage,711 High St,https://www.google.com/maps/search/?api=1&query=Principal+Financial+Group+Garage+711+High+St+Des+Moines+IA,,,,unverified
des-moines-ia,dsm-wells-fargo-arena,Wells Fargo Arena / Iowa Events Center,730 3rd St,https://www.google.com/maps/search/?api=1&query=Wells+Fargo+Arena+%2F+Iowa+Events+Center+730+3rd+St+Des+Moines+IA,,,,unverified
detroit-mi,det-ambassador,Ambassador Bridge,US-Canadian border,https://www.google.com/maps/search/?api=1&query=Ambassador+Bridge+US-Canadian+border+Detroit+MI,,,,unverified
detroit-mi,det-truck-ferry,Detroit-Windsor Truck Ferry (alternative),Harbor Light Transport,https://www.google.com/maps/search/?api=1&query=Detroit-Windsor+Truck+Ferry+%28alternative%29+Harbor+Light+Transport+Detroit+MI,,,,unverified
detroit-mi,dtw-big-blue,DTW — Big Blue Deck (McNamara Terminal),"2601 Worldgateway Pl, Romulus",https://www.google.com/maps/search/?api=1&query=DTW+%E2%80%94+Big+Blue+Deck+%28McNamara+Terminal%29+2601+Worldgateway+Pl%2C+Romulus+Detroit+MI,,,,unverified
detroit-mi,dtw-evans-deck,DTW — Evans Terminal Deck (North),"Middlebelt Rd, Romulus",https://www.google.com/maps/search/?api=1&query=DTW+%E2%80%94+Evans+Terminal+Deck+%28North%29+Middlebelt+Rd%2C+Romulus+Detroit+MI,,,,unverified
detroit-mi,det-fairlane,Fairlane Town Center (Dearborn),"18900 Michigan Ave, Dearborn",https://www.google.com/maps/search/?api=1&query=Fairlane+Town+Center+%28Dearborn%29+18900+Michigan+Ave%2C+Dearborn+Detroit+MI,,,,unverified
detroit-mi,det-gordie-howe,Gordie Howe International Bridge,Delray / Windsor (under construction),https://www.google.com/maps/search/?api=1&query=Gordie+Howe+International+Bridge+Delray+%2F+Windsor+%28under+construction%29+Detroit+MI,,,,unverified
detroit-mi,det-henry-ford-hosp,Henry Ford Hospital — Visitor Garage,2799 W Grand Blvd,https://www.google.com/maps/search/?api=1&query=Henry+Ford+Hospital+%E2%80%94+Visitor+Garage+2799+W+Grand+Blvd+Detroit+MI,,,,unverified
detroit-mi,det-cobo-tcf,Huntington Place (Cobo/TCF) Garage,1 Washington Blvd,https://www.google.com/maps/search/?api=1&query=Huntington+Place+%28Cobo%2FTCF%29+Garage+1+Washington+Blvd+Detroit+MI,,,,unverified
detroit-mi,det-mackinac,Mackinac Bridge (statewide — not Detroit),I-75 over Straits of Mackinac,https://www.google.com/maps/search/?api=1&query=Mackinac+Bridge+%28statewide+%E2%80%94+not+Detroit%29+I-75+over+Straits+of+Mackinac+Detroit+MI,,,,unverified
detroit-mi,det-mgm-grand,MGM Grand Detroit Garage,1777 3rd Ave,https://www.google.com/maps/search/?api=1&query=MGM+Grand+Detroit+Garage+1777+3rd+Ave+Detroit+MI,,,,unverified
detroit-mi,det-somerset,Somerset Collection (Troy),"2800 W Big Beaver Rd, Troy",https://www.google.com/maps/search/?api=1&query=Somerset+Collection+%28Troy%29+2800+W+Big+Beaver+Rd%2C+Troy+Detroit+MI,,,,unverified
durham-nc,dur-brightleaf-square,Brightleaf Square,905 W Main St,https://www.google.com/maps/search/?api=1&query=Brightleaf+Square+905+W+Main+St+Durham+NC,,,,unverified
durham-nc,dur-stagville-historic,Historic Stagville (NC Historic Site),5828 Old Oxford Hwy,https://www.google.com/maps/search/?api=1&query=Historic+Stagville+%28NC+Historic+Site%29+5828+Old+Oxford+Hwy+Durham+NC,,,,unverified
durham-nc,rdu-airport-dur,RDU Airport (shared Raleigh-Durham),2400 John Brantley Blvd,https://www.google.com/maps/search/?api=1&query=RDU+Airport+%28shared+Raleigh-Durham%29+2400+John+Brantley+Blvd+Durham+NC,,,,unverified
durham-nc,dur-roxboro-road-eno,Roxboro Rd Bridge over Eno River,Roxboro Rd,https://www.google.com/maps/search/?api=1&query=Roxboro+Rd+Bridge+over+Eno+River+Roxboro+Rd+Durham+NC,,,,unverified
durham-nc,dur-sarah-p-duke-gardens,Sarah P. Duke Gardens,420 Anderson St,https://www.google.com/maps/search/?api=1&query=Sarah+P.+Duke+Gardens+420+Anderson+St+Durham+NC,,,,unverified
el-paso-tx,elp-bota,Bridge of the Americas (Free),Patriot Fwy / US-62 over Rio Grande,https://www.google.com/maps/search/?api=1&query=Bridge+of+the+Americas+%28Free%29+Patriot+Fwy+%2F+US-62+over+Rio+Grande+El+Paso+TX,,,,unverified
el-paso-tx,elp-airport-garage,El Paso Airport — Parking Garage,6701 Convair Rd,https://www.google.com/maps/search/?api=1&query=El+Paso+Airport+%E2%80%94+Parking+Garage+6701+Convair+Rd+El+Paso+TX,,,,unverified
el-paso-tx,elp-mills-plaza,Mills Plaza / Blue Flame Building,115 N Mesa St,https://www.google.com/maps/search/?api=1&query=Mills+Plaza+%2F+Blue+Flame+Building+115+N+Mesa+St+El+Paso+TX,,,,unverified
el-paso-tx,elp-utep-garage,UTEP — Union Parking Garage,351 W University Ave,https://www.google.com/maps/search/?api=1&query=UTEP+%E2%80%94+Union+Parking+Garage+351+W+University+Ave+El+Paso+TX,,,,unverified
el-paso-tx,elp-ysleta-zaragoza,Ysleta-Zaragoza International Bridge,SH-375 to Zaragoza,https://www.google.com/maps/search/?api=1&query=Ysleta-Zaragoza+International+Bridge+SH-375+to+Zaragoza+El+Paso+TX,,,,unverified
flagstaff-az,flg-flagstaff-mall,Flagstaff Mall,4650 N US Hwy 89,https://www.google.com/maps/search/?api=1&query=Flagstaff+Mall+4650+N+US+Hwy+89+Flagstaff+AZ,,,,unverified
flagstaff-az,flg-marketplace,Flagstaff Marketplace,1650 S Milton Rd,https://www.google.com/maps/search/?api=1&query=Flagstaff+Marketplace+1650+S+Milton+Rd+Flagstaff+AZ,,,,unverified
flagstaff-az,flg-nau-visitor-parking,NAU — University Union Parking Structure,1050 S Knoles Dr,https://www.google.com/maps/search/?api=1&query=NAU+%E2%80%94+University+Union+Parking+Structure+1050+S+Knoles+Dr+Flagstaff+AZ,,,,unverified
flagstaff-az,flg-sedona-uptown,Sedona Uptown District,"200 N State Route 89A, Sedona",https://www.google.com/maps/search/?api=1&query=Sedona+Uptown+District+200+N+State+Route+89A%2C+Sedona+Flagstaff+AZ,,,,unverified
fort-worth-tx,ftw-intermodal,Fort Worth Central Station Parking,1001 Jones St,https://www.google.com/maps/search/?api=1&query=Fort+Worth+Central+Station+Parking+1001+Jones+St+Fort+Worth+TX,,,,unverified
fort-worth-tx,ftw-fw-center-garage,Fort Worth Convention Center Garage,1201 Houston St,https://www.google.com/maps/search/?api=1&query=Fort+Worth+Convention+Center+Garage+1201+Houston+St+Fort+Worth+TX,,,,unverified
fort-worth-tx,ftw-kimbell,Kimbell Art Museum Garage,3333 Camp Bowie Blvd,https://www.google.com/maps/search/?api=1&query=Kimbell+Art+Museum+Garage+3333+Camp+Bowie+Blvd+Fort+Worth+TX,,,,unverified
fort-worth-tx,ftw-seventh-st-bridge,Seventh Street Bridge (Trinity River),W 7th St over Trinity River,https://www.google.com/maps/search/?api=1&query=Seventh+Street+Bridge+%28Trinity+River%29+W+7th+St+over+Trinity+River+Fort+Worth+TX,,,,unverified
fort-worth-tx,ftw-sundance-3,Sundance Square — Garage 3,345 W 3rd St,https://www.google.com/maps/search/?api=1&query=Sundance+Square+%E2%80%94+Garage+3+345+W+3rd+St+Fort+Worth+TX,,,,unverified
fort-worth-tx,ftw-sundance-4,Sundance Square — Garage 4,225 W 4th St,https://www.google.com/maps/search/?api=1&query=Sundance+Square+%E2%80%94+Garage+4+225+W+4th+St+Fort+Worth+TX,,,,unverified
fort-worth-tx,ftw-water-gardens,Water Gardens Place Garage,1500 Commerce St,https://www.google.com/maps/search/?api=1&query=Water+Gardens+Place+Garage+1500+Commerce+St+Fort+Worth+TX,,,,unverified
fresno-ca,fre-campus-pointe,Campus Pointe (Fresno State),550 E Shaw Ave,https://www.google.com/maps/search/?api=1&query=Campus+Pointe+%28Fresno+State%29+550+E+Shaw+Ave+Fresno+CA,,,,unverified
fresno-ca,fre-chukchansi-park,Chukchansi Park (Grizzlies),1800 Tulare St,https://www.google.com/maps/search/?api=1&query=Chukchansi+Park+%28Grizzlies%29+1800+Tulare+St+Fresno+CA,,,,unverified
fresno-ca,fre-fashion-fair,Fashion Fair Mall,645 E Shaw Ave,https://www.google.com/maps/search/?api=1&query=Fashion+Fair+Mall+645+E+Shaw+Ave+Fresno+CA,,,,unverified
fresno-ca,fre-forestiere-underground,Forestiere Underground Gardens,5021 W Shaw Ave,https://www.google.com/maps/search/?api=1&query=Forestiere+Underground+Gardens+5021+W+Shaw+Ave+Fresno+CA,,,,unverified
fresno-ca,fre-fresno-state-structure-2,Fresno State — Structure 2,5200 N Barton Ave,https://www.google.com/maps/search/?api=1&query=Fresno+State+%E2%80%94+Structure+2+5200+N+Barton+Ave+Fresno+CA,,,,unverified
fresno-ca,fre-airport-garage,Fresno Yosemite Airport (FAT) Garage,5175 E Clinton Way,https://www.google.com/maps/search/?api=1&query=Fresno+Yosemite+Airport+%28FAT%29+Garage+5175+E+Clinton+Way+Fresno+CA,,,,unverified
fresno-ca,fre-old-town-clovis,Old Town Clovis District,"400 Pollasky Ave, Clovis",https://www.google.com/maps/search/?api=1&query=Old+Town+Clovis+District+400+Pollasky+Ave%2C+Clovis+Fresno+CA,,,,unverified
fresno-ca,fre-shields-blackstone,Shields & Blackstone Plaza,Shields Ave & Blackstone Ave,https://www.google.com/maps/search/?api=1&query=Shields+%26+Blackstone+Plaza+Shields+Ave+%26+Blackstone+Ave+Fresno+CA,,,,unverified
fresno-ca,fre-sierra-vista-mall,Sierra Vista Mall (Clovis),"1050 Shaw Ave, Clovis",https://www.google.com/maps/search/?api=1&query=Sierra+Vista+Mall+%28Clovis%29+1050+Shaw+Ave%2C+Clovis+Fresno+CA,,,,unverified
gatlinburg-tn,gat-gsmnp-tunnels-arch,Foothills Parkway Arches,Foothills Pkwy,https://www.google.com/maps/search/?api=1&query=Foothills+Parkway+Arches+Foothills+Pkwy+Gatlinburg+TN,,,,unverified
gatlinburg-tn,gat-convention-ctr,Gatlinburg Convention Center,234 Historic Nature Trail,https://www.google.com/maps/search/?api=1&query=Gatlinburg+Convention+Center+234+Historic+Nature+Trail+Gatlinburg+TN,,,,unverified
gatlinburg-tn,gat-gsmnp-roaring-fork,GSMNP — Roaring Fork Motor Nature Trail,Historic Nature Trail,https://www.google.com/maps/search/?api=1&query=GSMNP+%E2%80%94+Roaring+Fork+Motor+Nature+Trail+Historic+Nature+Trail+Gatlinburg+TN,,,,unverified
gatlinburg-tn,gat-mcmahan-garage,McMahan Parking Garage,520 Parkway,https://www.google.com/maps/search/?api=1&query=McMahan+Parking+Garage+520+Parkway+Gatlinburg+TN,,,,unverified
gatlinburg-tn,gat-knox-airport,Nearest airport: McGhee Tyson (TYS),"2055 Alcoa Hwy, Alcoa",https://www.google.com/maps/search/?api=1&query=Nearest+airport%3A+McGhee+Tyson+%28TYS%29+2055+Alcoa+Hwy%2C+Alcoa+Gatlinburg+TN,,,,unverified
gatlinburg-tn,gat-ober-gatlinburg,Ober Gatlinburg Aerial Tramway,1001 Parkway,https://www.google.com/maps/search/?api=1&query=Ober+Gatlinburg+Aerial+Tramway+1001+Parkway+Gatlinburg+TN,,,,unverified
gatlinburg-tn,gat-ripley-aquarium,Ripley's Aquarium of the Smokies — Parking Garage,88 River Rd,https://www.google.com/maps/search/?api=1&query=Ripley%27s+Aquarium+of+the+Smokies+%E2%80%94+Parking+Garage+88+River+Rd+Gatlinburg+TN,,,,unverified
gatlinburg-tn,gat-tanger-outlets-sevierville,Tanger Outlets Sevierville,"1645 Parkway, Sevierville",https://www.google.com/maps/search/?api=1&query=Tanger+Outlets+Sevierville+1645+Parkway%2C+Sevierville+Gatlinburg+TN,,,,unverified
gatlinburg-tn,gat-pigeon-forge-island,The Island in Pigeon Forge,"131 Island Dr, Pigeon Forge",https://www.google.com/maps/search/?api=1&query=The+Island+in+Pigeon+Forge+131+Island+Dr%2C+Pigeon+Forge+Gatlinburg+TN,,,,unverified
greensboro-nc,grb-bog-garden,Bog Garden / Bicentennial Garden,1101 Hobbs Rd,https://www.google.com/maps/search/?api=1&query=Bog+Garden+%2F+Bicentennial+Garden+1101+Hobbs+Rd+Greensboro+NC,,,,unverified
greensboro-nc,grb-four-seasons-mall,Four Seasons Town Centre,410 Four Seasons Blvd,https://www.google.com/maps/search/?api=1&query=Four+Seasons+Town+Centre+410+Four+Seasons+Blvd+Greensboro+NC,,,,unverified
greensboro-nc,grb-convention-ctr,Koury Convention Center Garage,3121 High Point Rd,https://www.google.com/maps/search/?api=1&query=Koury+Convention+Center+Garage+3121+High+Point+Rd+Greensboro+NC,,,,unverified
greensboro-nc,grb-oak-hollow-mall,Oak Hollow Mall (High Point — status),"921 Eastchester Dr, High Point",https://www.google.com/maps/search/?api=1&query=Oak+Hollow+Mall+%28High+Point+%E2%80%94+status%29+921+Eastchester+Dr%2C+High+Point+Greensboro+NC,,,,unverified
greensboro-nc,grb-airport-main,Piedmont Triad (PTI) — Hourly Garage,1000 Ted Johnson Pkwy,https://www.google.com/maps/search/?api=1&query=Piedmont+Triad+%28PTI%29+%E2%80%94+Hourly+Garage+1000+Ted+Johnson+Pkwy+Greensboro+NC,,,,unverified
greensboro-nc,grb-tanger-center,Steven Tanger Center for Performing Arts,300 N Greene St,https://www.google.com/maps/search/?api=1&query=Steven+Tanger+Center+for+Performing+Arts+300+N+Greene+St+Greensboro+NC,,,,unverified
greensboro-nc,grb-uncg-visitor,UNCG — Walker Ave Deck,801 Stirling St,https://www.google.com/maps/search/?api=1&query=UNCG+%E2%80%94+Walker+Ave+Deck+801+Stirling+St+Greensboro+NC,,,,unverified
hartford-ct,hrt-bulkeley-bridge,Bulkeley Bridge (I-84),I-84 over CT River,https://www.google.com/maps/search/?api=1&query=Bulkeley+Bridge+%28I-84%29+I-84+over+CT+River+Hartford+CT,,,,unverified
hartford-ct,hrt-bushnell-park-garage,Bushnell Park Garage,1 Jewell St,https://www.google.com/maps/search/?api=1&query=Bushnell+Park+Garage+1+Jewell+St+Hartford+CT,,,,unverified
hartford-ct,hrt-founders-bridge,Founders Bridge (US-44),US-44 over CT River,https://www.google.com/maps/search/?api=1&query=Founders+Bridge+%28US-44%29+US-44+over+CT+River+Hartford+CT,,,,unverified
hartford-ct,hrt-union-station,Hartford Union Station Garage,1 Union Pl,https://www.google.com/maps/search/?api=1&query=Hartford+Union+Station+Garage+1+Union+Pl+Hartford+CT,,,,unverified
hartford-ct,hrt-morgan-st-garage,Morgan Street Garage,155 Morgan St,https://www.google.com/maps/search/?api=1&query=Morgan+Street+Garage+155+Morgan+St+Hartford+CT,,,,unverified
hartford-ct,hrt-uconn-health,UConn Health Garage (Farmington),"263 Farmington Ave, Farmington",https://www.google.com/maps/search/?api=1&query=UConn+Health+Garage+%28Farmington%29+263+Farmington+Ave%2C+Farmington+Hartford+CT,,,,unverified
hartford-ct,hrt-westfarms,Westfarms Mall,"500 Westfarms Mall, Farmington",https://www.google.com/maps/search/?api=1&query=Westfarms+Mall+500+Westfarms+Mall%2C+Farmington+Hartford+CT,,,,unverified
henderson-nv,hen-lake-las-vegas,Lake Las Vegas Village,1610 Lake Las Vegas Pkwy,https://www.google.com/maps/search/?api=1&query=Lake+Las+Vegas+Village+1610+Lake+Las+Vegas+Pkwy+Henderson+NV,,,,unverified
henderson-nv,hen-m-resort,M Resort Spa Casino,12300 S Las Vegas Blvd,https://www.google.com/maps/search/?api=1&query=M+Resort+Spa+Casino+12300+S+Las+Vegas+Blvd+Henderson+NV,,,,unverified
henderson-nv,hen-mike-ocallaghan-bridge,Mike O'Callaghan-Pat Tillman Memorial Bridge (Hoover Dam Bypass),US-93 over Colorado River,https://www.google.com/maps/search/?api=1&query=Mike+O%27Callaghan-Pat+Tillman+Memorial+Bridge+%28Hoover+Dam+Bypass%29+US-93+over+Colorado+River+Henderson+NV,,,,unverified
henderson-nv,hen-water-street-district,Water Street District (Downtown Henderson),240 Water St,https://www.google.com/maps/search/?api=1&query=Water+Street+District+%28Downtown+Henderson%29+240+Water+St+Henderson+NV,,,,unverified
honolulu-hi,hnl-ala-moana-bridge,Ala Moana Bridge (Ala Wai Canal),Ala Moana Blvd over Ala Wai,https://www.google.com/maps/search/?api=1&query=Ala+Moana+Bridge+%28Ala+Wai+Canal%29+Ala+Moana+Blvd+over+Ala+Wai+Honolulu+HI,,,,unverified
honolulu-hi,hnl-ala-moana-center,Ala Moana Center,1450 Ala Moana Blvd,https://www.google.com/maps/search/?api=1&query=Ala+Moana+Center+1450+Ala+Moana+Blvd+Honolulu+HI,,,,unverified
honolulu-hi,hnl-hilton-hawaiian-village,Hilton Hawaiian Village Parking,2005 Kalia Rd,https://www.google.com/maps/search/?api=1&query=Hilton+Hawaiian+Village+Parking+2005+Kalia+Rd+Honolulu+HI,,,,unverified
honolulu-hi,hnl-airport-long,HNL — Long Term Garage,300 Rodgers Blvd,https://www.google.com/maps/search/?api=1&query=HNL+%E2%80%94+Long+Term+Garage+300+Rodgers+Blvd+Honolulu+HI,,,,unverified
honolulu-hi,hnl-honolulu-mus-art,Honolulu Museum of Art Lot,900 S Beretania St,https://www.google.com/maps/search/?api=1&query=Honolulu+Museum+of+Art+Lot+900+S+Beretania+St+Honolulu+HI,,,,unverified
honolulu-hi,hnl-iolani-palace,Iolani Palace Grounds,364 S King St,https://www.google.com/maps/search/?api=1&query=Iolani+Palace+Grounds+364+S+King+St+Honolulu+HI,,,,unverified
honolulu-hi,hnl-kakaako-ward-village,Ward Village — South Shore Market,1240 Ala Moana Blvd,https://www.google.com/maps/search/?api=1&query=Ward+Village+%E2%80%94+South+Shore+Market+1240+Ala+Moana+Blvd+Honolulu+HI,,,,unverified
houston-tx,hou-gallry-yellow,Galleria — Yellow Garage,5085 Westheimer Rd,https://www.google.com/maps/search/?api=1&query=Galleria+%E2%80%94+Yellow+Garage+5085+Westheimer+Rd+Houston+TX,,,,unverified
houston-tx,hou-avenida-hilton,Hilton Americas-Houston Garage,1600 Lamar St,https://www.google.com/maps/search/?api=1&query=Hilton+Americas-Houston+Garage+1600+Lamar+St+Houston+TX,,,,unverified
houston-tx,hou-jpm-chase,JPMorgan Chase Tower Garage,600 Travis St,https://www.google.com/maps/search/?api=1&query=JPMorgan+Chase+Tower+Garage+600+Travis+St+Houston+TX,,,,unverified
houston-tx,hou-main-st-sq,Main Street Square Garage,900 Main St,https://www.google.com/maps/search/?api=1&query=Main+Street+Square+Garage+900+Main+St+Houston+TX,,,,unverified
houston-tx,hou-minute-maid,Minute Maid Park Garage,501 Crawford St,https://www.google.com/maps/search/?api=1&query=Minute+Maid+Park+Garage+501+Crawford+St+Houston+TX,,,,unverified
houston-tx,hou-rice-village,Rice Village — Main Garage (Kelvin Dr),2450 Kelvin Dr,https://www.google.com/maps/search/?api=1&query=Rice+Village+%E2%80%94+Main+Garage+%28Kelvin+Dr%29+2450+Kelvin+Dr+Houston+TX,,,,unverified
houston-tx,hou-uptown-park,Uptown Park Shopping Garage,1141-1151 Uptown Park Blvd,https://www.google.com/maps/search/?api=1&query=Uptown+Park+Shopping+Garage+1141-1151+Uptown+Park+Blvd+Houston+TX,,,,unverified
houston-tx,hou-williams-tower,Williams Tower Garage,2800 Post Oak Blvd,https://www.google.com/maps/search/?api=1&query=Williams+Tower+Garage+2800+Post+Oak+Blvd+Houston+TX,,,,unverified
indianapolis-in,ind-childrens-museum,Children's Museum of Indianapolis,3000 N Meridian St,https://www.google.com/maps/search/?api=1&query=Children%27s+Museum+of+Indianapolis+3000+N+Meridian+St+Indianapolis+IN,,,,unverified
indianapolis-in,ind-city-market,City Market Garage,150 E Market St,https://www.google.com/maps/search/?api=1&query=City+Market+Garage+150+E+Market+St+Indianapolis+IN,,,,unverified
indianapolis-in,ind-emrichsville,Emrichsville Bridge (White River),W 16th St over White River,https://www.google.com/maps/search/?api=1&query=Emrichsville+Bridge+%28White+River%29+W+16th+St+over+White+River+Indianapolis+IN,,,,unverified
indianapolis-in,ind-state-capitol,Indiana State Capitol Garage,200 W Washington St,https://www.google.com/maps/search/?api=1&query=Indiana+State+Capitol+Garage+200+W+Washington+St+Indianapolis+IN,,,,unverified
indianapolis-in,ind-merchants,Merchants Garage,105 S Meridian St,https://www.google.com/maps/search/?api=1&query=Merchants+Garage+105+S+Meridian+St+Indianapolis+IN,,,,unverified
indianapolis-in,ind-monument-circle,Monument Circle Underground,1 Monument Cir,https://www.google.com/maps/search/?api=1&query=Monument+Circle+Underground+1+Monument+Cir+Indianapolis+IN,,,,unverified
indianapolis-in,ind-pnc-center,PNC Center Garage,101 W Washington St,https://www.google.com/maps/search/?api=1&query=PNC+Center+Garage+101+W+Washington+St+Indianapolis+IN,,,,unverified
indianapolis-in,ind-virginia-ave,Virginia Avenue Garage (Gainbridge),125 S Pennsylvania St,https://www.google.com/maps/search/?api=1&query=Virginia+Avenue+Garage+%28Gainbridge%29+125+S+Pennsylvania+St+Indianapolis+IN,,,,unverified
indianapolis-in,ind-world-wonders,World Wonders Garage (Circle Centre),55 W Washington St,https://www.google.com/maps/search/?api=1&query=World+Wonders+Garage+%28Circle+Centre%29+55+W+Washington+St+Indianapolis+IN,,,,unverified
jackson-wy,jac-snake-river-bridge,Snake River Bridge (Hwy 22),WY-22 over Snake River,https://www.google.com/maps/search/?api=1&query=Snake+River+Bridge+%28Hwy+22%29+WY-22+over+Snake+River+Jackson+WY,,,,unverified
jackson-wy,jac-teton-pass,Teton Pass (WY-22),WY-22 / ID-33,https://www.google.com/maps/search/?api=1&query=Teton+Pass+%28WY-22%29+WY-22+%2F+ID-33+Jackson+WY,,,,unverified
jackson-wy,jac-togwotee-pass,Togwotee Pass (US-26/287),US-26 east of Moran,https://www.google.com/maps/search/?api=1&query=Togwotee+Pass+%28US-26%2F287%29+US-26+east+of+Moran+Jackson+WY,,,,unverified
jacksonville-fl,jax-ed-ball,Ed Ball Building Garage,214 N Hogan St,https://www.google.com/maps/search/?api=1&query=Ed+Ball+Building+Garage+214+N+Hogan+St+Jacksonville+FL,,,,unverified
jacksonville-fl,jax-fuller-warren,Fuller Warren Bridge (I-95),I-95 over St. Johns River,https://www.google.com/maps/search/?api=1&query=Fuller+Warren+Bridge+%28I-95%29+I-95+over+St.+Johns+River+Jacksonville+FL,,,,unverified
jacksonville-fl,jax-main-st-bridge,Main Street Bridge (John T. Alsop Jr.),US-1 over St. Johns River,https://www.google.com/maps/search/?api=1&query=Main+Street+Bridge+%28John+T.+Alsop+Jr.%29+US-1+over+St.+Johns+River+Jacksonville+FL,,,,unverified
jacksonville-fl,jax-san-marco,San Marco Square,1962 San Marco Blvd,https://www.google.com/maps/search/?api=1&query=San+Marco+Square+1962+San+Marco+Blvd+Jacksonville+FL,,,,unverified
jacksonville-fl,jax-uf-health-garage,UF Health Jacksonville Visitor Garage,655 W 8th St,https://www.google.com/maps/search/?api=1&query=UF+Health+Jacksonville+Visitor+Garage+655+W+8th+St+Jacksonville+FL,,,,unverified
jacksonville-fl,jax-water-st,Water Street Garage,9 N Water St,https://www.google.com/maps/search/?api=1&query=Water+Street+Garage+9+N+Water+St+Jacksonville+FL,,,,unverified
jacksonville-fl,jax-yates,Yates Parking Garage,231 E Forsyth St,https://www.google.com/maps/search/?api=1&query=Yates+Parking+Garage+231+E+Forsyth+St+Jacksonville+FL,,,,unverified
jersey-city-nj,jc-hoboken-13th,13th & Clinton Garage (Hoboken adjacent),"Clinton St, Hoboken",https://www.google.com/maps/search/?api=1&query=13th+%26+Clinton+Garage+%28Hoboken+adjacent%29+Clinton+St%2C+Hoboken+Jersey+City+NJ,,,,unverified
jersey-city-nj,jc-bayonne-bridge,Bayonne Bridge,Route 440 over Kill Van Kull,https://www.google.com/maps/search/?api=1&query=Bayonne+Bridge+Route+440+over+Kill+Van+Kull+Jersey+City+NJ,,,,unverified
jersey-city-nj,jc-edison-pkwy,Edison ParkFast — Journal Square,2855 John F Kennedy Blvd,https://www.google.com/maps/search/?api=1&query=Edison+ParkFast+%E2%80%94+Journal+Square+2855+John+F+Kennedy+Blvd+Jersey+City+NJ,,,,unverified
jersey-city-nj,jc-exchange-place,Exchange Place Garages,10 Exchange Pl,https://www.google.com/maps/search/?api=1&query=Exchange+Place+Garages+10+Exchange+Pl+Jersey+City+NJ,,,,unverified
jersey-city-nj,jc-george-washington-bridge,George Washington Bridge,I-95 over Hudson River,https://www.google.com/maps/search/?api=1&query=George+Washington+Bridge+I-95+over+Hudson+River+Jersey+City+NJ,,,,unverified
jersey-city-nj,jc-historic-downtown,Historic Downtown / Grove Square,186 Grove St,https://www.google.com/maps/search/?api=1&query=Historic+Downtown+%2F+Grove+Square+186+Grove+St+Jersey+City+NJ,,,,unverified
jersey-city-nj,jc-hoboken-terminal,Hoboken Terminal Parking (NJ Transit),"1 Hudson Pl, Hoboken",https://www.google.com/maps/search/?api=1&query=Hoboken+Terminal+Parking+%28NJ+Transit%29+1+Hudson+Pl%2C+Hoboken+Jersey+City+NJ,,,,unverified
jersey-city-nj,jc-journal-square-path,Journal Square Transportation Center Garage,1 Path Plaza,https://www.google.com/maps/search/?api=1&query=Journal+Square+Transportation+Center+Garage+1+Path+Plaza+Jersey+City+NJ,,,,unverified
jersey-city-nj,jc-metro-plaza,Metro Plaza Garage,10 Sip Ave,https://www.google.com/maps/search/?api=1&query=Metro+Plaza+Garage+10+Sip+Ave+Jersey+City+NJ,,,,unverified
jersey-city-nj,jc-park-ride-palisade,Palisade Ave Park & Ride (Cliffside Park),Palisade Ave,https://www.google.com/maps/search/?api=1&query=Palisade+Ave+Park+%26+Ride+%28Cliffside+Park%29+Palisade+Ave+Jersey+City+NJ,,,,unverified
jersey-city-nj,jc-port-liberte,Port Liberté Marina Area,5 Constitution Way,https://www.google.com/maps/search/?api=1&query=Port+Libert%C3%A9+Marina+Area+5+Constitution+Way+Jersey+City+NJ,,,,unverified
kansas-city-mo,osm-w466819062,Block 89 Garage,,https://www.google.com/maps/search/?api=1&query=Block+89+Garage+Kansas+City+MO,,,,unverified
kansas-city-mo,kc-childrens-mercy,Children's Mercy Hospital — Visitor Garage,2401 Gillham Rd,https://www.google.com/maps/search/?api=1&query=Children%27s+Mercy+Hospital+%E2%80%94+Visitor+Garage+2401+Gillham+Rd+Kansas+City+MO,,,,unverified
kansas-city-mo,kc-bond-bridge,Christopher S. Bond Bridge (US-169),US-169 over Missouri,https://www.google.com/maps/search/?api=1&query=Christopher+S.+Bond+Bridge+%28US-169%29+US-169+over+Missouri+Kansas+City+MO,,,,unverified
kansas-city-mo,kc-heart-of-america,Heart of America Bridge (US-29),US-29 over Missouri,https://www.google.com/maps/search/?api=1&query=Heart+of+America+Bridge+%28US-29%29+US-29+over+Missouri+Kansas+City+MO,,,,unverified
kansas-city-mo,kc-union-station,Union Station KC Garage,30 W Pershing Rd,https://www.google.com/maps/search/?api=1&query=Union+Station+KC+Garage+30+W+Pershing+Rd+Kansas+City+MO,,,,unverified
key-west-fl,kw-audobon-house,Audubon House & Tropical Gardens,205 Whitehead St,https://www.google.com/maps/search/?api=1&query=Audubon+House+%26+Tropical+Gardens+205+Whitehead+St+Key+West+FL,,,,unverified
key-west-fl,kw-bahama-village,Bahama Village District,Petronia St,https://www.google.com/maps/search/?api=1&query=Bahama+Village+District+Petronia+St+Key+West+FL,,,,unverified
key-west-fl,kw-bahia-honda-bridge,Bahia Honda Bridge (US-1),US-1 Bahia Honda,https://www.google.com/maps/search/?api=1&query=Bahia+Honda+Bridge+%28US-1%29+US-1+Bahia+Honda+Key+West+FL,,,,unverified
key-west-fl,kw-truman-little-white-house,Harry S Truman Little White House,111 Front St,https://www.google.com/maps/search/?api=1&query=Harry+S+Truman+Little+White+House+111+Front+St+Key+West+FL,,,,unverified
key-west-fl,kw-overseas-highway,Overseas Highway (US-1) — 42 Bridges,US-1 through Florida Keys,https://www.google.com/maps/search/?api=1&query=Overseas+Highway+%28US-1%29+%E2%80%94+42+Bridges+US-1+through+Florida+Keys+Key+West+FL,,,,unverified
key-west-fl,kw-sevenmilebridge-pigeon,Pigeon Key Historic District (Seven Mile Bridge),"11440 Overseas Hwy, Marathon",https://www.google.com/maps/search/?api=1&query=Pigeon+Key+Historic+District+%28Seven+Mile+Bridge%29+11440+Overseas+Hwy%2C+Marathon+Key+West+FL,,,,unverified
key-west-fl,kw-seven-mile-bridge,Seven Mile Bridge (US-1),US-1 Marathon to Little Duck Key,https://www.google.com/maps/search/?api=1&query=Seven+Mile+Bridge+%28US-1%29+US-1+Marathon+to+Little+Duck+Key+Key+West+FL,,,,unverified
key-west-fl,kw-west-martello,West Martello / Garden Club (Higgs Beach),1100 Atlantic Blvd,https://www.google.com/maps/search/?api=1&query=West+Martello+%2F+Garden+Club+%28Higgs+Beach%29+1100+Atlantic+Blvd+Key+West+FL,,,,unverified
knoxville-tn,knx-gay-st-bridge,Gay Street Bridge,Gay St over Tennessee River,https://www.google.com/maps/search/?api=1&query=Gay+Street+Bridge+Gay+St+over+Tennessee+River+Knoxville+TN,,,,unverified
knoxville-tn,knx-henley-st-bridge,Henley Street Bridge,Henley St over Tennessee River,https://www.google.com/maps/search/?api=1&query=Henley+Street+Bridge+Henley+St+over+Tennessee+River+Knoxville+TN,,,,unverified
knoxville-tn,knx-locust-st-garage,Locust Street Garage,201 W Church Ave,https://www.google.com/maps/search/?api=1&query=Locust+Street+Garage+201+W+Church+Ave+Knoxville+TN,,,,unverified
knoxville-tn,knx-airport-tys-main,McGhee Tyson (TYS) — Main Garage,"2055 Alcoa Hwy, Alcoa",https://www.google.com/maps/search/?api=1&query=McGhee+Tyson+%28TYS%29+%E2%80%94+Main+Garage+2055+Alcoa+Hwy%2C+Alcoa+Knoxville+TN,,,,unverified
knoxville-tn,knx-gay-st-garage,State Street Garage,550 State St,https://www.google.com/maps/search/?api=1&query=State+Street+Garage+550+State+St+Knoxville+TN,,,,unverified
knoxville-tn,knx-sunsphere,Sunsphere,810 Clinch Ave,https://www.google.com/maps/search/?api=1&query=Sunsphere+810+Clinch+Ave+Knoxville+TN,,,,unverified
knoxville-tn,knx-ut-volunteer-garage,UT — Volunteer Hall Parking Garage,1510 Phillip Fulmer Way,https://www.google.com/maps/search/?api=1&query=UT+%E2%80%94+Volunteer+Hall+Parking+Garage+1510+Phillip+Fulmer+Way+Knoxville+TN,,,,unverified
knoxville-tn,knx-west-town-mall,West Town Mall,7600 Kingston Pike,https://www.google.com/maps/search/?api=1&query=West+Town+Mall+7600+Kingston+Pike+Knoxville+TN,,,,unverified
knoxville-tn,knx-womens-basketball-hof,Women's Basketball Hall of Fame,700 Hall of Fame Dr,https://www.google.com/maps/search/?api=1&query=Women%27s+Basketball+Hall+of+Fame+700+Hall+of+Fame+Dr+Knoxville+TN,,,,unverified
las-vegas-nv,boulder-station,Boulder Station Garage,4111 Boulder Hwy,https://www.google.com/maps/search/?api=1&query=Boulder+Station+Garage+4111+Boulder+Hwy+Las+Vegas+NV,,,,unverified
las-vegas-nv,osm-w132225807,Fremont Street Experience Parking,,https://www.google.com/maps/search/?api=1&query=Fremont+Street+Experience+Parking+Las+Vegas+NV,,,,unverified
las-vegas-nv,green-valley-ranch,Green Valley Ranch Garage,2300 Paseo Verde Pkwy,https://www.google.com/maps/search/?api=1&query=Green+Valley+Ranch+Garage+2300+Paseo+Verde+Pkwy+Las+Vegas+NV,,,,unverified
las-vegas-nv,osm-w495545498,Panorama Tower I parking garage,,https://www.google.com/maps/search/?api=1&query=Panorama+Tower+I+parking+garage+Las+Vegas+NV,,,,unverified
las-vegas-nv,osm-w33992535,Treasure Island Self Parking,,https://www.google.com/maps/search/?api=1&query=Treasure+Island+Self+Parking+Las+Vegas+NV,,,,unverified
las-vegas-nv,osm-w111339081,Wynn Employee Parking,,https://www.google.com/maps/search/?api=1&query=Wynn+Employee+Parking+Las+Vegas+NV,,,,unverified
lexington-ky,lex-ashland-estate,Ashland — Henry Clay Estate,120 Sycamore Rd,https://www.google.com/maps/search/?api=1&query=Ashland+%E2%80%94+Henry+Clay+Estate+120+Sycamore+Rd+Lexington+KY,,,,unverified
lexington-ky,lex-blue-grass-airport,Blue Grass Airport (LEX),4000 Terminal Dr,https://www.google.com/maps/search/?api=1&query=Blue+Grass+Airport+%28LEX%29+4000+Terminal+Dr+Lexington+KY,,,,unverified
lexington-ky,lex-hyatt-regency,Hyatt Regency Lexington Garage,401 W High St,https://www.google.com/maps/search/?api=1&query=Hyatt+Regency+Lexington+Garage+401+W+High+St+Lexington+KY,,,,unverified
lexington-ky,lex-loudoun-house,Loudoun House / Lexington Art League,209 Castlewood Dr,https://www.google.com/maps/search/?api=1&query=Loudoun+House+%2F+Lexington+Art+League+209+Castlewood+Dr+Lexington+KY,,,,unverified
lexington-ky,lex-rupp-arena,Rupp Arena (UK Basketball) — Event Garages,430 W Vine St,https://www.google.com/maps/search/?api=1&query=Rupp+Arena+%28UK+Basketball%29+%E2%80%94+Event+Garages+430+W+Vine+St+Lexington+KY,,,,unverified
lexington-ky,lex-park-plaza,Transit Center Garage,150 E Vine St,https://www.google.com/maps/search/?api=1&query=Transit+Center+Garage+150+E+Vine+St+Lexington+KY,,,,unverified
lexington-ky,lex-woodland-park,Woodland Park,601 E High St,https://www.google.com/maps/search/?api=1&query=Woodland+Park+601+E+High+St+Lexington+KY,,,,unverified
lincoln-ne,lin-antelope-valley,Antelope Valley Parkway Bridges,Antelope Valley Pkwy,https://www.google.com/maps/search/?api=1&query=Antelope+Valley+Parkway+Bridges+Antelope+Valley+Pkwy+Lincoln+NE,,,,unverified
lincoln-ne,lin-center-park-garage,Center Park Garage,1100 N St,https://www.google.com/maps/search/?api=1&query=Center+Park+Garage+1100+N+St+Lincoln+NE,,,,unverified
lincoln-ne,lin-st-elizabeth-hosp,CHI Health St. Elizabeth,555 S 70th St,https://www.google.com/maps/search/?api=1&query=CHI+Health+St.+Elizabeth+555+S+70th+St+Lincoln+NE,,,,unverified
lincoln-ne,lin-folsom-zoo,Folsom Children's Zoo,1308 N 27th St,https://www.google.com/maps/search/?api=1&query=Folsom+Children%27s+Zoo+1308+N+27th+St+Lincoln+NE,,,,unverified
lincoln-ne,lin-haymarket-garages,Haymarket District Garages (multiple),8th St & P St,https://www.google.com/maps/search/?api=1&query=Haymarket+District+Garages+%28multiple%29+8th+St+%26+P+St+Lincoln+NE,,,,unverified
lincoln-ne,lin-haymarket-park,Haymarket Park (Saltdogs + UNL Baseball),403 Line Dr Cir,https://www.google.com/maps/search/?api=1&query=Haymarket+Park+%28Saltdogs+%2B+UNL+Baseball%29+403+Line+Dr+Cir+Lincoln+NE,,,,unverified
lincoln-ne,lin-sid-dillon-auto,Quail Run Golf Course,3700 NW 12th St,https://www.google.com/maps/search/?api=1&query=Quail+Run+Golf+Course+3700+NW+12th+St+Lincoln+NE,,,,unverified
lincoln-ne,lin-sunken-gardens,Sunken Gardens,2600 S 27th St,https://www.google.com/maps/search/?api=1&query=Sunken+Gardens+2600+S+27th+St+Lincoln+NE,,,,unverified
lincoln-ne,lin-university-sq,University Square Garage,1109 Q St,https://www.google.com/maps/search/?api=1&query=University+Square+Garage+1109+Q+St+Lincoln+NE,,,,unverified
lincoln-ne,lin-unl-student-union,UNL — Stadium Drive Garage,1400 Stadium Dr,https://www.google.com/maps/search/?api=1&query=UNL+%E2%80%94+Stadium+Drive+Garage+1400+Stadium+Dr+Lincoln+NE,,,,unverified
little-rock-ar,lit-argenta-district,Argenta District (N. Little Rock),"400 Main St, N Little Rock",https://www.google.com/maps/search/?api=1&query=Argenta+District+%28N.+Little+Rock%29+400+Main+St%2C+N+Little+Rock+Little+Rock+AR,,,,unverified
little-rock-ar,lit-arkansas-state-capitol,Arkansas State Capitol Grounds,500 Woodlane St,https://www.google.com/maps/search/?api=1&query=Arkansas+State+Capitol+Grounds+500+Woodlane+St+Little+Rock+AR,,,,unverified
little-rock-ar,lit-big-dam-bridge,Big Dam Bridge (pedestrian),over Arkansas River near Murray Lock,https://www.google.com/maps/search/?api=1&query=Big+Dam+Bridge+%28pedestrian%29+over+Arkansas+River+near+Murray+Lock+Little+Rock+AR,,,,unverified
little-rock-ar,lit-broadway-bridge,Broadway Bridge,Broadway over Arkansas River,https://www.google.com/maps/search/?api=1&query=Broadway+Bridge+Broadway+over+Arkansas+River+Little+Rock+AR,,,,unverified
little-rock-ar,lit-dickey-stephens,Dickey-Stephens Park (Travelers),"400 W Broadway St, N Little Rock",https://www.google.com/maps/search/?api=1&query=Dickey-Stephens+Park+%28Travelers%29+400+W+Broadway+St%2C+N+Little+Rock+Little+Rock+AR,,,,unverified
little-rock-ar,lit-heifer-international,Heifer International World Avenue,1 World Ave,https://www.google.com/maps/search/?api=1&query=Heifer+International+World+Avenue+1+World+Ave+Little+Rock+AR,,,,unverified
little-rock-ar,lit-i30-bridge,I-30 Arkansas River Bridge,I-30 over Arkansas River,https://www.google.com/maps/search/?api=1&query=I-30+Arkansas+River+Bridge+I-30+over+Arkansas+River+Little+Rock+AR,,,,unverified
little-rock-ar,lit-lit-airport-garage,Little Rock Clinton Airport (LIT) Garage,1 Airport Rd,https://www.google.com/maps/search/?api=1&query=Little+Rock+Clinton+Airport+%28LIT%29+Garage+1+Airport+Rd+Little+Rock+AR,,,,unverified
little-rock-ar,lit-main-st-bridge,Main Street Bridge,Main St over Arkansas River,https://www.google.com/maps/search/?api=1&query=Main+Street+Bridge+Main+St+over+Arkansas+River+Little+Rock+AR,,,,unverified
little-rock-ar,lit-park-plaza-mall,Park Plaza Mall,6000 W Markham St,https://www.google.com/maps/search/?api=1&query=Park+Plaza+Mall+6000+W+Markham+St+Little+Rock+AR,,,,unverified
little-rock-ar,lit-south-main,SoMa (South Main Street) District,1312 S Main St,https://www.google.com/maps/search/?api=1&query=SoMa+%28South+Main+Street%29+District+1312+S+Main+St+Little+Rock+AR,,,,unverified
little-rock-ar,lit-summit-mall,The Outlets of Little Rock,11201 Bass Pro Pkwy,https://www.google.com/maps/search/?api=1&query=The+Outlets+of+Little+Rock+11201+Bass+Pro+Pkwy+Little+Rock+AR,,,,unverified
long-beach-ca,lb-csulb,CSULB — Visitor Parking Structure,1250 Bellflower Blvd,https://www.google.com/maps/search/?api=1&query=CSULB+%E2%80%94+Visitor+Parking+Structure+1250+Bellflower+Blvd+Long+Beach+CA,,,,unverified
long-beach-ca,lb-earl-burns-miller,Earl Burns Miller Japanese Garden (CSULB),1250 Bellflower Blvd,https://www.google.com/maps/search/?api=1&query=Earl+Burns+Miller+Japanese+Garden+%28CSULB%29+1250+Bellflower+Blvd+Long+Beach+CA,,,,unverified
long-beach-ca,lb-long-beach-airport-garage-b,LGB Airport — Garage B,4100 E Donald Douglas Dr,https://www.google.com/maps/search/?api=1&query=LGB+Airport+%E2%80%94+Garage+B+4100+E+Donald+Douglas+Dr+Long+Beach+CA,,,,unverified
long-beach-ca,lb-lgb-garage,LGB Airport — Terminal Garage,4100 E Donald Douglas Dr,https://www.google.com/maps/search/?api=1&query=LGB+Airport+%E2%80%94+Terminal+Garage+4100+E+Donald+Douglas+Dr+Long+Beach+CA,,,,unverified
long-beach-ca,lb-gerald-desmond,Long Beach International Gateway Bridge,SR-710 over Back Channel,https://www.google.com/maps/search/?api=1&query=Long+Beach+International+Gateway+Bridge+SR-710+over+Back+Channel+Long+Beach+CA,,,,unverified
long-beach-ca,lb-long-beach-museum-art,Long Beach Museum of Art,2300 E Ocean Blvd,https://www.google.com/maps/search/?api=1&query=Long+Beach+Museum+of+Art+2300+E+Ocean+Blvd+Long+Beach+CA,,,,unverified
long-beach-ca,lb-mola-museum,Museum of Latin American Art (MOLAA),628 Alamitos Ave,https://www.google.com/maps/search/?api=1&query=Museum+of+Latin+American+Art+%28MOLAA%29+628+Alamitos+Ave+Long+Beach+CA,,,,unverified
long-beach-ca,lb-queensway,Queensway Bridge,Queensway over LB Harbor,https://www.google.com/maps/search/?api=1&query=Queensway+Bridge+Queensway+over+LB+Harbor+Long+Beach+CA,,,,unverified
long-beach-ca,lb-performing-arts-center,Terrace Theater / Performing Arts Center,300 E Ocean Blvd,https://www.google.com/maps/search/?api=1&query=Terrace+Theater+%2F+Performing+Arts+Center+300+E+Ocean+Blvd+Long+Beach+CA,,,,unverified
long-beach-ca,lb-vincent-thomas,Vincent Thomas Bridge (SR-47),SR-47 over LA Harbor,https://www.google.com/maps/search/?api=1&query=Vincent+Thomas+Bridge+%28SR-47%29+SR-47+over+LA+Harbor+Long+Beach+CA,,,,unverified
los-angeles-ca,la-arclight-hollywood,Arclight/Cinerama Dome Garage,6360 Sunset Blvd,https://www.google.com/maps/search/?api=1&query=Arclight%2FCinerama+Dome+Garage+6360+Sunset+Blvd+Los+Angeles+CA,,,,unverified
los-angeles-ca,la-burbank-media,Burbank Media Center Mall,"201 E Magnolia Blvd, Burbank",https://www.google.com/maps/search/?api=1&query=Burbank+Media+Center+Mall+201+E+Magnolia+Blvd%2C+Burbank+Los+Angeles+CA,,,,unverified
los-angeles-ca,la-fashion-district,Fashion District Garage,800 S Los Angeles St,https://www.google.com/maps/search/?api=1&query=Fashion+District+Garage+800+S+Los+Angeles+St+Los+Angeles+CA,,,,unverified
los-angeles-ca,la-grand-central-mkt,Grand Central Market Garage,308 S Hill St,https://www.google.com/maps/search/?api=1&query=Grand+Central+Market+Garage+308+S+Hill+St+Los+Angeles+CA,,,,unverified
los-angeles-ca,la-music-center,Music Center Garage,135 N Grand Ave,https://www.google.com/maps/search/?api=1&query=Music+Center+Garage+135+N+Grand+Ave+Los+Angeles+CA,,,,unverified
los-angeles-ca,la-hollywood-highland,Ovation Hollywood (Hollywood & Highland),6801 Hollywood Blvd,https://www.google.com/maps/search/?api=1&query=Ovation+Hollywood+%28Hollywood+%26+Highland%29+6801+Hollywood+Blvd+Los+Angeles+CA,,,,unverified
los-angeles-ca,la-pantages,Pantages Theatre Garage (5280 Hollywood),5280 Hollywood Blvd,https://www.google.com/maps/search/?api=1&query=Pantages+Theatre+Garage+%285280+Hollywood%29+5280+Hollywood+Blvd+Los+Angeles+CA,,,,unverified
los-angeles-ca,la-pershing-sq,Pershing Square Garage,532 S Olive St,https://www.google.com/maps/search/?api=1&query=Pershing+Square+Garage+532+S+Olive+St+Los+Angeles+CA,,,,unverified
los-angeles-ca,la-grand-ave,The Grand LA Garage,100 S Grand Ave,https://www.google.com/maps/search/?api=1&query=The+Grand+LA+Garage+100+S+Grand+Ave+Los+Angeles+CA,,,,unverified
los-angeles-ca,la-grove,The Grove Garage,189 The Grove Dr,https://www.google.com/maps/search/?api=1&query=The+Grove+Garage+189+The+Grove+Dr+Los+Angeles+CA,,,,unverified
los-angeles-ca,la-pasadena-paseo,The Paseo (Pasadena) Garage,"280 E Colorado Blvd, Pasadena",https://www.google.com/maps/search/?api=1&query=The+Paseo+%28Pasadena%29+Garage+280+E+Colorado+Blvd%2C+Pasadena+Los+Angeles+CA,,,,unverified
los-angeles-ca,la-union-station,Union Station Garage,800 N Alameda St,https://www.google.com/maps/search/?api=1&query=Union+Station+Garage+800+N+Alameda+St+Los+Angeles+CA,,,,unverified
los-angeles-ca,la-disney-hall,Walt Disney Concert Hall Garage,135 N Grand Ave,https://www.google.com/maps/search/?api=1&query=Walt+Disney+Concert+Hall+Garage+135+N+Grand+Ave+Los+Angeles+CA,,,,unverified
louisville-ky,lou-4th-st-live,4th Street Live! Garage,400 S 4th St,https://www.google.com/maps/search/?api=1&query=4th+Street+Live%21+Garage+400+S+4th+St+Louisville+KY,,,,unverified
louisville-ky,lou-abe-lincoln-bridge,Abraham Lincoln Bridge (I-65 North),I-65 over Ohio River,https://www.google.com/maps/search/?api=1&query=Abraham+Lincoln+Bridge+%28I-65+North%29+I-65+over+Ohio+River+Louisville+KY,,,,unverified
louisville-ky,lou-big-four,Big Four Bridge (pedestrian),Pedestrian over Ohio,https://www.google.com/maps/search/?api=1&query=Big+Four+Bridge+%28pedestrian%29+Pedestrian+over+Ohio+Louisville+KY,,,,unverified
louisville-ky,lou-clark-memorial,Clark Memorial Bridge (2nd St),US-31 over Ohio River,https://www.google.com/maps/search/?api=1&query=Clark+Memorial+Bridge+%282nd+St%29+US-31+over+Ohio+River+Louisville+KY,,,,unverified
louisville-ky,lou-kennedy-bridge,John F. Kennedy Memorial Bridge (I-65),I-65 over Ohio River,https://www.google.com/maps/search/?api=1&query=John+F.+Kennedy+Memorial+Bridge+%28I-65%29+I-65+over+Ohio+River+Louisville+KY,,,,unverified
louisville-ky,lou-mall-st-matthews,Mall St. Matthews,5000 Shelbyville Rd,https://www.google.com/maps/search/?api=1&query=Mall+St.+Matthews+5000+Shelbyville+Rd+Louisville+KY,,,,unverified
louisville-ky,lou-oxmoor,Oxmoor Center,7900 Shelbyville Rd,https://www.google.com/maps/search/?api=1&query=Oxmoor+Center+7900+Shelbyville+Rd+Louisville+KY,,,,unverified
louisville-ky,lou-preston-main,Preston & Main Garage,300 E Main St,https://www.google.com/maps/search/?api=1&query=Preston+%26+Main+Garage+300+E+Main+St+Louisville+KY,,,,unverified
louisville-ky,sdf-short-term,SDF Airport — Short Term Garage,Crittenden Dr,https://www.google.com/maps/search/?api=1&query=SDF+Airport+%E2%80%94+Short+Term+Garage+Crittenden+Dr+Louisville+KY,,,,unverified
louisville-ky,lou-uofl-garage,UofL — Floyd Street Garage,2301 S Floyd St,https://www.google.com/maps/search/?api=1&query=UofL+%E2%80%94+Floyd+Street+Garage+2301+S+Floyd+St+Louisville+KY,,,,unverified
madison-wi,mad-farmer-market-surrounds,Capitol Square Farmers Market,Capitol Sq,https://www.google.com/maps/search/?api=1&query=Capitol+Square+Farmers+Market+Capitol+Sq+Madison+WI,,,,unverified
madison-wi,mad-airport-short,Dane County Regional (MSN) — Short Term,4000 International Ln,https://www.google.com/maps/search/?api=1&query=Dane+County+Regional+%28MSN%29+%E2%80%94+Short+Term+4000+International+Ln+Madison+WI,,,,unverified
madison-wi,mad-east-towne-mall,East Towne Mall,89 E Towne Mall,https://www.google.com/maps/search/?api=1&query=East+Towne+Mall+89+E+Towne+Mall+Madison+WI,,,,unverified
madison-wi,mad-hilldale,Hilldale Shopping Center,702 N Midvale Blvd,https://www.google.com/maps/search/?api=1&query=Hilldale+Shopping+Center+702+N+Midvale+Blvd+Madison+WI,,,,unverified
madison-wi,mad-john-nolen-causeway,John Nolen Drive Causeway,John Nolen Dr over Lake Monona,https://www.google.com/maps/search/?api=1&query=John+Nolen+Drive+Causeway+John+Nolen+Dr+over+Lake+Monona+Madison+WI,,,,unverified
madison-wi,mad-kohl-center,Kohl Center (Badgers Basketball),601 W Dayton St,https://www.google.com/maps/search/?api=1&query=Kohl+Center+%28Badgers+Basketball%29+601+W+Dayton+St+Madison+WI,,,,unverified
madison-wi,mad-lot-60,Lake Street Garage,604 University Ave,https://www.google.com/maps/search/?api=1&query=Lake+Street+Garage+604+University+Ave+Madison+WI,,,,unverified
madison-wi,mad-monona-terrace,Monona Terrace Community Convention Center,1 John Nolen Dr,https://www.google.com/maps/search/?api=1&query=Monona+Terrace+Community+Convention+Center+1+John+Nolen+Dr+Madison+WI,,,,unverified
madison-wi,mad-overture-center,Overture Center for the Arts,201 State St,https://www.google.com/maps/search/?api=1&query=Overture+Center+for+the+Arts+201+State+St+Madison+WI,,,,unverified
madison-wi,mad-overture-garage,Overture Center Garage,100 N Fairchild St,https://www.google.com/maps/search/?api=1&query=Overture+Center+Garage+100+N+Fairchild+St+Madison+WI,,,,unverified
madison-wi,mad-state-st,State Street Capitol Garage,215 N Carroll St,https://www.google.com/maps/search/?api=1&query=State+Street+Capitol+Garage+215+N+Carroll+St+Madison+WI,,,,unverified
madison-wi,mad-uw-hospital,UW Health — University Hospital Garage,600 Highland Ave,https://www.google.com/maps/search/?api=1&query=UW+Health+%E2%80%94+University+Hospital+Garage+600+Highland+Ave+Madison+WI,,,,unverified
madison-wi,mad-university-bay,UW Madison — Grainger Hall Garage,975 University Ave,https://www.google.com/maps/search/?api=1&query=UW+Madison+%E2%80%94+Grainger+Hall+Garage+975+University+Ave+Madison+WI,,,,unverified
madison-wi,mad-union-terrace,UW Memorial Union / Terrace,800 Langdon St,https://www.google.com/maps/search/?api=1&query=UW+Memorial+Union+%2F+Terrace+800+Langdon+St+Madison+WI,,,,unverified
madison-wi,mad-west-towne-mall,West Towne Mall,66 West Towne Mall,https://www.google.com/maps/search/?api=1&query=West+Towne+Mall+66+West+Towne+Mall+Madison+WI,,,,unverified
madison-wi,mad-state-capitol,Wisconsin State Capitol Parking,2 E Main St,https://www.google.com/maps/search/?api=1&query=Wisconsin+State+Capitol+Parking+2+E+Main+St+Madison+WI,,,,unverified
memphis-tn,mem-autozone-park,AutoZone Park (Redbirds),175 Toyota Plaza,https://www.google.com/maps/search/?api=1&query=AutoZone+Park+%28Redbirds%29+175+Toyota+Plaza+Memphis+TN,,,,unverified
memphis-tn,mem-beale-st-lot,Beale Street Parking Plaza,170 Peabody Pl,https://www.google.com/maps/search/?api=1&query=Beale+Street+Parking+Plaza+170+Peabody+Pl+Memphis+TN,,,,unverified
memphis-tn,mem-crosstown,Crosstown Concourse Garage,1350 Concourse Ave,https://www.google.com/maps/search/?api=1&query=Crosstown+Concourse+Garage+1350+Concourse+Ave+Memphis+TN,,,,unverified
memphis-tn,mem-fedex-forum,FedExForum Garage,191 Beale St,https://www.google.com/maps/search/?api=1&query=FedExForum+Garage+191+Beale+St+Memphis+TN,,,,unverified
memphis-tn,mem-gibson-garage,Gibson Guitar Factory Garage (historic),145 Lt George W Lee Ave,https://www.google.com/maps/search/?api=1&query=Gibson+Guitar+Factory+Garage+%28historic%29+145+Lt+George+W+Lee+Ave+Memphis+TN,,,,unverified
memphis-tn,mem-harahan,Harahan Bridge (Big River Crossing),over Mississippi River,https://www.google.com/maps/search/?api=1&query=Harahan+Bridge+%28Big+River+Crossing%29+over+Mississippi+River+Memphis+TN,,,,unverified
memphis-tn,mem-hernando-desoto,Hernando de Soto Bridge (I-40),I-40 over Mississippi River,https://www.google.com/maps/search/?api=1&query=Hernando+de+Soto+Bridge+%28I-40%29+I-40+over+Mississippi+River+Memphis+TN,,,,unverified
memphis-tn,mem-i55-old-bridge,I-55 Memphis-Arkansas Bridge,I-55 over Mississippi,https://www.google.com/maps/search/?api=1&query=I-55+Memphis-Arkansas+Bridge+I-55+over+Mississippi+Memphis+TN,,,,unverified
memphis-tn,mem-airport-garage,Memphis Airport — Ground Transportation Garage,2491 Winchester Rd,https://www.google.com/maps/search/?api=1&query=Memphis+Airport+%E2%80%94+Ground+Transportation+Garage+2491+Winchester+Rd+Memphis+TN,,,,unverified
memphis-tn,mem-peabody,Peabody Hotel Garage,149 Union Ave,https://www.google.com/maps/search/?api=1&query=Peabody+Hotel+Garage+149+Union+Ave+Memphis+TN,,,,unverified
memphis-tn,mem-convention-ctr,Renasant Convention Center Garage,255 N Main St,https://www.google.com/maps/search/?api=1&query=Renasant+Convention+Center+Garage+255+N+Main+St+Memphis+TN,,,,unverified
memphis-tn,mem-wolfchase,Wolfchase Galleria,2760 N Germantown Pkwy,https://www.google.com/maps/search/?api=1&query=Wolfchase+Galleria+2760+N+Germantown+Pkwy+Memphis+TN,,,,unverified
mesa-az,mes-fiesta-mall,Fiesta Mall (status — largely vacated),1445 W Southern Ave,https://www.google.com/maps/search/?api=1&query=Fiesta+Mall+%28status+%E2%80%94+largely+vacated%29+1445+W+Southern+Ave+Mesa+AZ,,,,unverified
mesa-az,mes-mesa-arts-ctr,Mesa Arts Center Garage,1 E Main St,https://www.google.com/maps/search/?api=1&query=Mesa+Arts+Center+Garage+1+E+Main+St+Mesa+AZ,,,,unverified
mesa-az,mes-town-square,Mesa Town Square (Downtown),20 E Main St,https://www.google.com/maps/search/?api=1&query=Mesa+Town+Square+%28Downtown%29+20+E+Main+St+Mesa+AZ,,,,unverified
mesa-az,mes-salt-river-202,US-60 / Loop 202 — Salt River Crossings,US-60 over Salt River,https://www.google.com/maps/search/?api=1&query=US-60+%2F+Loop+202+%E2%80%94+Salt+River+Crossings+US-60+over+Salt+River+Mesa+AZ,,,,unverified
miami-fl,mia-lincoln-rd,17th Street Garage (Lincoln Road),"640 17th St, Miami Beach",https://www.google.com/maps/search/?api=1&query=17th+Street+Garage+%28Lincoln+Road%29+640+17th+St%2C+Miami+Beach+Miami+FL,,,,unverified
miami-fl,mia-ocean-drive,7th Street Garage (South Beach),"100 7th St, Miami Beach",https://www.google.com/maps/search/?api=1&query=7th+Street+Garage+%28South+Beach%29+100+7th+St%2C+Miami+Beach+Miami+FL,,,,unverified
miami-fl,mia-adrienne-arsht,Adrienne Arsht Center Garage,1300 Biscayne Blvd,https://www.google.com/maps/search/?api=1&query=Adrienne+Arsht+Center+Garage+1300+Biscayne+Blvd+Miami+FL,,,,unverified
miami-fl,mia-aventura-mall,Aventura Mall,19501 Biscayne Blvd,https://www.google.com/maps/search/?api=1&query=Aventura+Mall+19501+Biscayne+Blvd+Miami+FL,,,,unverified
miami-fl,mia-coconut-grove,Cocowalk (Coconut Grove),3015 Grand Ave,https://www.google.com/maps/search/?api=1&query=Cocowalk+%28Coconut+Grove%29+3015+Grand+Ave+Miami+FL,,,,unverified
miami-fl,mia-fll-garage,FLL Airport — Hibiscus Garage (Fort Lauderdale),"320 Terminal Dr, Fort Lauderdale",https://www.google.com/maps/search/?api=1&query=FLL+Airport+%E2%80%94+Hibiscus+Garage+%28Fort+Lauderdale%29+320+Terminal+Dr%2C+Fort+Lauderdale+Miami+FL,,,,unverified
miami-fl,mia-julia-tuttle,Julia Tuttle Causeway (I-195),I-195 over Biscayne Bay,https://www.google.com/maps/search/?api=1&query=Julia+Tuttle+Causeway+%28I-195%29+I-195+over+Biscayne+Bay+Miami+FL,,,,unverified
miami-fl,mia-kaseya-center,Kaseya Center (Heat) — Arena Garage,601 Biscayne Blvd,https://www.google.com/maps/search/?api=1&query=Kaseya+Center+%28Heat%29+%E2%80%94+Arena+Garage+601+Biscayne+Blvd+Miami+FL,,,,unverified
miami-fl,mia-loandepot-park,loanDepot Park (Marlins),501 Marlins Way,https://www.google.com/maps/search/?api=1&query=loanDepot+Park+%28Marlins%29+501+Marlins+Way+Miami+FL,,,,unverified
miami-fl,mia-macarthur,MacArthur Causeway (I-395/US-41),I-395 over Biscayne Bay,https://www.google.com/maps/search/?api=1&query=MacArthur+Causeway+%28I-395%2FUS-41%29+I-395+over+Biscayne+Bay+Miami+FL,,,,unverified
miami-fl,mia-mary-brickell,Mary Brickell Village,901 S Miami Ave,https://www.google.com/maps/search/?api=1&query=Mary+Brickell+Village+901+S+Miami+Ave+Miami+FL,,,,unverified
miami-fl,mia-airport-flamingo,MIA — Flamingo Parking Garage,4200 NW 21st St,https://www.google.com/maps/search/?api=1&query=MIA+%E2%80%94+Flamingo+Parking+Garage+4200+NW+21st+St+Miami+FL,,,,unverified
miami-fl,mia-convention-ctr,Miami Beach Convention Center,1901 Convention Center Dr,https://www.google.com/maps/search/?api=1&query=Miami+Beach+Convention+Center+1901+Convention+Center+Dr+Miami+FL,,,,unverified
miami-fl,mia-cruise-terminal,PortMiami — Terminal G Garage,1015 N America Way,https://www.google.com/maps/search/?api=1&query=PortMiami+%E2%80%94+Terminal+G+Garage+1015+N+America+Way+Miami+FL,,,,unverified
miami-fl,mia-rickenbacker,Rickenbacker Causeway,Crandon Blvd over Biscayne Bay,https://www.google.com/maps/search/?api=1&query=Rickenbacker+Causeway+Crandon+Blvd+over+Biscayne+Bay+Miami+FL,,,,unverified
milwaukee-wi,mke-hoan-bridge,Daniel Hoan Memorial Bridge (I-794),I-794 over Milwaukee Harbor,https://www.google.com/maps/search/?api=1&query=Daniel+Hoan+Memorial+Bridge+%28I-794%29+I-794+over+Milwaukee+Harbor+Milwaukee+WI,,,,unverified
milwaukee-wi,mke-downtown-transit,Downtown Transit Center (various),Kilbourn & Milwaukee,https://www.google.com/maps/search/?api=1&query=Downtown+Transit+Center+%28various%29+Kilbourn+%26+Milwaukee+Milwaukee+WI,,,,unverified
milwaukee-wi,mke-kk-kilbourn,Kilbourn Avenue Bridge (Bascule),W Kilbourn Ave over Milwaukee River,https://www.google.com/maps/search/?api=1&query=Kilbourn+Avenue+Bridge+%28Bascule%29+W+Kilbourn+Ave+over+Milwaukee+River+Milwaukee+WI,,,,unverified
milwaukee-wi,mke-mayfair,Mayfair Mall,"2500 N Mayfair Rd, Wauwatosa",https://www.google.com/maps/search/?api=1&query=Mayfair+Mall+2500+N+Mayfair+Rd%2C+Wauwatosa+Milwaukee+WI,,,,unverified
milwaukee-wi,mke-art-museum,Milwaukee Art Museum Lot,700 N Art Museum Dr,https://www.google.com/maps/search/?api=1&query=Milwaukee+Art+Museum+Lot+700+N+Art+Museum+Dr+Milwaukee+WI,,,,unverified
milwaukee-wi,mke-deep-tunnel,Milwaukee Deep Tunnel (sewer — not vehicles),Beneath city,https://www.google.com/maps/search/?api=1&query=Milwaukee+Deep+Tunnel+%28sewer+%E2%80%94+not+vehicles%29+Beneath+city+Milwaukee+WI,,,,unverified
milwaukee-wi,mke-park-east,Park East Garage,731 N Jefferson St,https://www.google.com/maps/search/?api=1&query=Park+East+Garage+731+N+Jefferson+St+Milwaukee+WI,,,,unverified
milwaukee-wi,mke-grand-avenue,The Avenue (former Grand Avenue Mall),275 W Wisconsin Ave,https://www.google.com/maps/search/?api=1&query=The+Avenue+%28former+Grand+Avenue+Mall%29+275+W+Wisconsin+Ave+Milwaukee+WI,,,,unverified
milwaukee-wi,mke-couture,The Couture (Downtown Transit Center replacement),909 E Michigan St,https://www.google.com/maps/search/?api=1&query=The+Couture+%28Downtown+Transit+Center+replacement%29+909+E+Michigan+St+Milwaukee+WI,,,,unverified
minneapolis-mn,mpls-11th-marquette,11th & Marquette Ramp,1100 Marquette Ave,https://www.google.com/maps/search/?api=1&query=11th+%26+Marquette+Ramp+1100+Marquette+Ave+Minneapolis+MN,,,,unverified
minneapolis-mn,mpls-gateway,Gateway Ramp (Downtown Core),21 S 3rd St,https://www.google.com/maps/search/?api=1&query=Gateway+Ramp+%28Downtown+Core%29+21+S+3rd+St+Minneapolis+MN,,,,unverified
minneapolis-mn,mpls-guthrie,Guthrie Theater / Mill District Ramp,818 S 2nd St,https://www.google.com/maps/search/?api=1&query=Guthrie+Theater+%2F+Mill+District+Ramp+818+S+2nd+St+Minneapolis+MN,,,,unverified
minneapolis-mn,mpls-haaf,Haaf Ramp,420 S 5th St,https://www.google.com/maps/search/?api=1&query=Haaf+Ramp+420+S+5th+St+Minneapolis+MN,,,,unverified
minneapolis-mn,mpls-hennepin-ave,Hennepin Avenue Bridge,Hennepin Ave over Mississippi,https://www.google.com/maps/search/?api=1&query=Hennepin+Avenue+Bridge+Hennepin+Ave+over+Mississippi+Minneapolis+MN,,,,unverified
minneapolis-mn,mpls-i35w-bridge,I-35W Mississippi Bridge (rebuilt),I-35W over Mississippi,https://www.google.com/maps/search/?api=1&query=I-35W+Mississippi+Bridge+%28rebuilt%29+I-35W+over+Mississippi+Minneapolis+MN,,,,unverified
minneapolis-mn,mpls-ids-center,IDS Center Garage,80 S 8th St,https://www.google.com/maps/search/?api=1&query=IDS+Center+Garage+80+S+8th+St+Minneapolis+MN,,,,unverified
minneapolis-mn,mpls-convention-ctr,Minneapolis Convention Center Ramp,1301 2nd Ave S,https://www.google.com/maps/search/?api=1&query=Minneapolis+Convention+Center+Ramp+1301+2nd+Ave+S+Minneapolis+MN,,,,unverified
minneapolis-mn,msp-green-ramp,MSP — Terminal 1 Green Ramp,4300 Glumack Dr,https://www.google.com/maps/search/?api=1&query=MSP+%E2%80%94+Terminal+1+Green+Ramp+4300+Glumack+Dr+Minneapolis+MN,,,,unverified
minneapolis-mn,msp-silver-ramp,MSP — Terminal 2 Silver Ramp,7150 Humphrey Dr,https://www.google.com/maps/search/?api=1&query=MSP+%E2%80%94+Terminal+2+Silver+Ramp+7150+Humphrey+Dr+Minneapolis+MN,,,,unverified
minneapolis-mn,mpls-nicollet-mall,Nicollet Mall Area Ramps,Various on Nicollet,https://www.google.com/maps/search/?api=1&query=Nicollet+Mall+Area+Ramps+Various+on+Nicollet+Minneapolis+MN,,,,unverified
minneapolis-mn,mpls-stone-arch-bridge,Stone Arch Bridge (pedestrian),"former rail, over St. Anthony Falls",https://www.google.com/maps/search/?api=1&query=Stone+Arch+Bridge+%28pedestrian%29+former+rail%2C+over+St.+Anthony+Falls+Minneapolis+MN,,,,unverified
minneapolis-mn,mpls-target-field-abc,Target Field (Twins) — Ramps A/B/C,1 Twins Way,https://www.google.com/maps/search/?api=1&query=Target+Field+%28Twins%29+%E2%80%94+Ramps+A%2FB%2FC+1+Twins+Way+Minneapolis+MN,,,,unverified
minneapolis-mn,mpls-uofm-east-bank,U of M — East Bank Ramp,510 Washington Ave SE,https://www.google.com/maps/search/?api=1&query=U+of+M+%E2%80%94+East+Bank+Ramp+510+Washington+Ave+SE+Minneapolis+MN,,,,unverified
minneapolis-mn,mpls-sculpture-garden,Walker Art Center / Sculpture Garden,1750 Hennepin Ave,https://www.google.com/maps/search/?api=1&query=Walker+Art+Center+%2F+Sculpture+Garden+1750+Hennepin+Ave+Minneapolis+MN,,,,unverified
moab-ut,mab-colorado-river-bridge-us191,Colorado River Bridge (US-191),US-191 over Colorado River,https://www.google.com/maps/search/?api=1&query=Colorado+River+Bridge+%28US-191%29+US-191+over+Colorado+River+Moab+UT,,,,unverified
moab-ut,mab-i-70-colorado,I-70 — Colorado River Crossings (east of Moab),I-70 @ Colorado River,https://www.google.com/maps/search/?api=1&query=I-70+%E2%80%94+Colorado+River+Crossings+%28east+of+Moab%29+I-70+%40+Colorado+River+Moab+UT,,,,unverified
moab-ut,mab-museum-moab,Museum of Moab,118 E Center St,https://www.google.com/maps/search/?api=1&query=Museum+of+Moab+118+E+Center+St+Moab+UT,,,,unverified
monterey-ca,mry-ca-1-big-sur-closures,Big Sur CA-1 Washouts (frequent closures),CA-1 various,https://www.google.com/maps/search/?api=1&query=Big+Sur+CA-1+Washouts+%28frequent+closures%29+CA-1+various+Monterey+CA,,,,unverified
monterey-ca,mry-bixby-creek-bridge,Bixby Creek Bridge (CA-1),CA-1 Big Sur,https://www.google.com/maps/search/?api=1&query=Bixby+Creek+Bridge+%28CA-1%29+CA-1+Big+Sur+Monterey+CA,,,,unverified
monterey-ca,mry-cannery-row-marketplace,Cannery Row Marketplace,600 Cannery Row,https://www.google.com/maps/search/?api=1&query=Cannery+Row+Marketplace+600+Cannery+Row+Monterey+CA,,,,unverified
monterey-ca,mry-maritime-museum,Monterey Maritime & History Museum,5 Custom House Plaza,https://www.google.com/maps/search/?api=1&query=Monterey+Maritime+%26+History+Museum+5+Custom+House+Plaza+Monterey+CA,,,,unverified
monterey-ca,mry-airport,Monterey Regional Airport (MRY),200 Fred Kane Dr,https://www.google.com/maps/search/?api=1&query=Monterey+Regional+Airport+%28MRY%29+200+Fred+Kane+Dr+Monterey+CA,,,,unverified
monterey-ca,mry-monterey-state-historic,Monterey State Historic Park,20 Custom House Plaza,https://www.google.com/maps/search/?api=1&query=Monterey+State+Historic+Park+20+Custom+House+Plaza+Monterey+CA,,,,unverified
monterey-ca,mry-salinas-steinbeck,National Steinbeck Center (Salinas),"1 Main St, Salinas",https://www.google.com/maps/search/?api=1&query=National+Steinbeck+Center+%28Salinas%29+1+Main+St%2C+Salinas+Monterey+CA,,,,unverified
monterey-ca,mry-presidio-monterey,Presidio of Monterey,1759 Lewis Rd,https://www.google.com/maps/search/?api=1&query=Presidio+of+Monterey+1759+Lewis+Rd+Monterey+CA,,,,unverified
monterey-ca,mry-rocky-creek-bridge,Rocky Creek Bridge (CA-1),CA-1 Big Sur,https://www.google.com/maps/search/?api=1&query=Rocky+Creek+Bridge+%28CA-1%29+CA-1+Big+Sur+Monterey+CA,,,,unverified
myrtle-beach-sc,mbs-coastal-grand-mall,Coastal Grand Mall,2000 Coastal Grand Cir,https://www.google.com/maps/search/?api=1&query=Coastal+Grand+Mall+2000+Coastal+Grand+Cir+Myrtle+Beach+SC,,,,unverified
myrtle-beach-sc,mbs-conway-riverwalk,Conway Riverwalk,"200 Laurel St, Conway",https://www.google.com/maps/search/?api=1&query=Conway+Riverwalk+200+Laurel+St%2C+Conway+Myrtle+Beach+SC,,,,unverified
myrtle-beach-sc,mbs-murrells-inlet-marshwalk,Murrells Inlet MarshWalk,"4025 US-17 Business, Murrells Inlet",https://www.google.com/maps/search/?api=1&query=Murrells+Inlet+MarshWalk+4025+US-17+Business%2C+Murrells+Inlet+Myrtle+Beach+SC,,,,unverified
myrtle-beach-sc,mbs-convention-ctr,Myrtle Beach Convention Center Garage,2101 N Oak St,https://www.google.com/maps/search/?api=1&query=Myrtle+Beach+Convention+Center+Garage+2101+N+Oak+St+Myrtle+Beach+SC,,,,unverified
myrtle-beach-sc,mbs-airport-garage,Myrtle Beach International (MYR),1100 Jetport Rd,https://www.google.com/maps/search/?api=1&query=Myrtle+Beach+International+%28MYR%29+1100+Jetport+Rd+Myrtle+Beach+SC,,,,unverified
myrtle-beach-sc,mbs-ripleys-aquarium,Ripley's Aquarium at Broadway,1110 Celebrity Cir,https://www.google.com/maps/search/?api=1&query=Ripley%27s+Aquarium+at+Broadway+1110+Celebrity+Cir+Myrtle+Beach+SC,,,,unverified
myrtle-beach-sc,mbs-springmaid-pier,Springmaid Beach Resort + Pier,3200 S Ocean Blvd,https://www.google.com/maps/search/?api=1&query=Springmaid+Beach+Resort+%2B+Pier+3200+S+Ocean+Blvd+Myrtle+Beach+SC,,,,unverified
myrtle-beach-sc,mbs-tanger-17,Tanger Outlets Myrtle Beach — Hwy 17,"10835 Kings Rd, N Myrtle Beach",https://www.google.com/maps/search/?api=1&query=Tanger+Outlets+Myrtle+Beach+%E2%80%94+Hwy+17+10835+Kings+Rd%2C+N+Myrtle+Beach+Myrtle+Beach+SC,,,,unverified
myrtle-beach-sc,mbs-tanger-501,Tanger Outlets Myrtle Beach — Hwy 501,4635 Factory Stores Blvd,https://www.google.com/maps/search/?api=1&query=Tanger+Outlets+Myrtle+Beach+%E2%80%94+Hwy+501+4635+Factory+Stores+Blvd+Myrtle+Beach+SC,,,,unverified
myrtle-beach-sc,mbs-market-common,The Market Common,3140 Deville St,https://www.google.com/maps/search/?api=1&query=The+Market+Common+3140+Deville+St+Myrtle+Beach+SC,,,,unverified
myrtle-beach-sc,mbs-17-bypass-bridges,US-17 Bypass Bridges (Intracoastal),US-17 Bypass,https://www.google.com/maps/search/?api=1&query=US-17+Bypass+Bridges+%28Intracoastal%29+US-17+Bypass+Myrtle+Beach+SC,,,,unverified
myrtle-beach-sc,mbs-waccamaw-bridge,Waccamaw River Bridge (US-501),US-501 @ Conway,https://www.google.com/maps/search/?api=1&query=Waccamaw+River+Bridge+%28US-501%29+US-501+%40+Conway+Myrtle+Beach+SC,,,,unverified
nashville-tn,bna-short-term,BNA Airport — Short Term Garage,1 Terminal Dr,https://www.google.com/maps/search/?api=1&query=BNA+Airport+%E2%80%94+Short+Term+Garage+1+Terminal+Dr+Nashville+TN,,,,unverified
nashville-tn,nsh-bridgestone-6th,Bridgestone Arena — 6th Avenue Garage,199 6th Ave S,https://www.google.com/maps/search/?api=1&query=Bridgestone+Arena+%E2%80%94+6th+Avenue+Garage+199+6th+Ave+S+Nashville+TN,,,,unverified
nashville-tn,nsh-commerce,Commerce Street Garage,221 Commerce St,https://www.google.com/maps/search/?api=1&query=Commerce+Street+Garage+221+Commerce+St+Nashville+TN,,,,unverified
nashville-tn,nsh-hall-of-fame,Country Music Hall of Fame Garage,200 Rep. John Lewis Way S,https://www.google.com/maps/search/?api=1&query=Country+Music+Hall+of+Fame+Garage+200+Rep.+John+Lewis+Way+S+Nashville+TN,,,,unverified
nashville-tn,nsh-5th-broadway,Fifth + Broadway Garage,505 Broadway,https://www.google.com/maps/search/?api=1&query=Fifth+%2B+Broadway+Garage+505+Broadway+Nashville+TN,,,,unverified
nashville-tn,nsh-pedestrian-bridge,John Seigenthaler Pedestrian Bridge,over Cumberland River,https://www.google.com/maps/search/?api=1&query=John+Seigenthaler+Pedestrian+Bridge+over+Cumberland+River+Nashville+TN,,,,unverified
nashville-tn,nsh-korean-vets,Korean Veterans Boulevard Bridge,KVB over Cumberland,https://www.google.com/maps/search/?api=1&query=Korean+Veterans+Boulevard+Bridge+KVB+over+Cumberland+Nashville+TN,,,,unverified
nashville-tn,nsh-green-hills-mall,Mall at Green Hills,2126 Abbott Martin Rd,https://www.google.com/maps/search/?api=1&query=Mall+at+Green+Hills+2126+Abbott+Martin+Rd+Nashville+TN,,,,unverified
nashville-tn,nsh-music-city-center,Music City Center Garage,201 Rep. John Lewis Way S,https://www.google.com/maps/search/?api=1&query=Music+City+Center+Garage+201+Rep.+John+Lewis+Way+S+Nashville+TN,,,,unverified
nashville-tn,nsh-library,Nashville Public Library Garage,615 Church St,https://www.google.com/maps/search/?api=1&query=Nashville+Public+Library+Garage+615+Church+St+Nashville+TN,,,,unverified
nashville-tn,nsh-ford-theater-garage,National Museum of African American Music Garage,510 Broadway,https://www.google.com/maps/search/?api=1&query=National+Museum+of+African+American+Music+Garage+510+Broadway+Nashville+TN,,,,unverified
nashville-tn,nsh-gulch,The Gulch — 12th & Pine Garage,1200 Pine St,https://www.google.com/maps/search/?api=1&query=The+Gulch+%E2%80%94+12th+%26+Pine+Garage+1200+Pine+St+Nashville+TN,,,,unverified
nashville-tn,nsh-vanderbilt,Vanderbilt — Terrace Place Garage,2121 Terrace Pl,https://www.google.com/maps/search/?api=1&query=Vanderbilt+%E2%80%94+Terrace+Place+Garage+2121+Terrace+Pl+Nashville+TN,,,,unverified
new-orleans-la,nola-crescent-city-connection,Crescent City Connection (US-90B),US-90B over Mississippi,https://www.google.com/maps/search/?api=1&query=Crescent+City+Connection+%28US-90B%29+US-90B+over+Mississippi+New+Orleans+LA,,,,unverified
new-orleans-la,nola-fulton-street,Fulton Street Parking Garage,200 Lafayette St,https://www.google.com/maps/search/?api=1&query=Fulton+Street+Parking+Garage+200+Lafayette+St+New+Orleans+LA,,,,unverified
new-orleans-la,nola-i-10-twin-spans,I-10 Twin Span Bridge,I-10 over Lake Pontchartrain,https://www.google.com/maps/search/?api=1&query=I-10+Twin+Span+Bridge+I-10+over+Lake+Pontchartrain+New+Orleans+LA,,,,unverified
new-orleans-la,nola-jax-brewery,Jackson Square / Jax Brewery Garage,600 Decatur St,https://www.google.com/maps/search/?api=1&query=Jackson+Square+%2F+Jax+Brewery+Garage+600+Decatur+St+New+Orleans+LA,,,,unverified
new-orleans-la,nola-lake-pontchartrain,Lake Pontchartrain Causeway,US-190 over Lake Pontchartrain,https://www.google.com/maps/search/?api=1&query=Lake+Pontchartrain+Causeway+US-190+over+Lake+Pontchartrain+New+Orleans+LA,,,,unverified
new-orleans-la,nola-lakeside,Lakeside Shopping Center (Metairie),"3301 Veterans Memorial Blvd, Metairie",https://www.google.com/maps/search/?api=1&query=Lakeside+Shopping+Center+%28Metairie%29+3301+Veterans+Memorial+Blvd%2C+Metairie+New+Orleans+LA,,,,unverified
new-orleans-la,msy-short-term,MSY Airport — Short Term Garage (new),"1 Terminal Dr, Kenner",https://www.google.com/maps/search/?api=1&query=MSY+Airport+%E2%80%94+Short+Term+Garage+%28new%29+1+Terminal+Dr%2C+Kenner+New+Orleans+LA,,,,unverified
new-orleans-la,nola-convention-ctr,New Orleans Ernest N. Morial Convention Center,900 Convention Center Blvd,https://www.google.com/maps/search/?api=1&query=New+Orleans+Ernest+N.+Morial+Convention+Center+900+Convention+Center+Blvd+New+Orleans+LA,,,,unverified
new-orleans-la,nola-poydras,Poydras Plaza Garage,939 Poydras St,https://www.google.com/maps/search/?api=1&query=Poydras+Plaza+Garage+939+Poydras+St+New+Orleans+LA,,,,unverified
new-orleans-la,nola-st-louis-1,PPA — St. Louis (French Quarter),722 Iberville St,https://www.google.com/maps/search/?api=1&query=PPA+%E2%80%94+St.+Louis+%28French+Quarter%29+722+Iberville+St+New+Orleans+LA,,,,unverified
new-orleans-la,nola-premium-canal,Premium Parking — Canal St,500 Canal St,https://www.google.com/maps/search/?api=1&query=Premium+Parking+%E2%80%94+Canal+St+500+Canal+St+New+Orleans+LA,,,,unverified
new-orleans-la,nola-smoothie-king-ctr,Smoothie King Center (Pelicans),1501 Dave Dixon Dr,https://www.google.com/maps/search/?api=1&query=Smoothie+King+Center+%28Pelicans%29+1501+Dave+Dixon+Dr+New+Orleans+LA,,,,unverified
new-orleans-la,nola-st-charles-streetcar,St. Charles Streetcar Park & Ride,S Carrollton Ave & St Charles,https://www.google.com/maps/search/?api=1&query=St.+Charles+Streetcar+Park+%26+Ride+S+Carrollton+Ave+%26+St+Charles+New+Orleans+LA,,,,unverified
new-york-ny,nyc-1west,1 West Street Parking,17 Battery Pl,https://www.google.com/maps/search/?api=1&query=1+West+Street+Parking+17+Battery+Pl+New+York+NY,,,,unverified
new-york-ny,nyc-atlantic-term,Atlantic Terminal Mall Garage,139 Flatbush Ave,https://www.google.com/maps/search/?api=1&query=Atlantic+Terminal+Mall+Garage+139+Flatbush+Ave+New+York+NY,,,,unverified
new-york-ny,nyc-barclays-atlantic,GGMC — Atlantic Center Garage,625 Atlantic Ave,https://www.google.com/maps/search/?api=1&query=GGMC+%E2%80%94+Atlantic+Center+Garage+625+Atlantic+Ave+New+York+NY,,,,unverified
new-york-ny,nyc-hy-chelsea29,Icon — Chelsea 29 Parking (Hudson Yards),560 W 29th St,https://www.google.com/maps/search/?api=1&query=Icon+%E2%80%94+Chelsea+29+Parking+%28Hudson+Yards%29+560+W+29th+St+New+York+NY,,,,unverified
new-york-ny,nyc-hy-jds-41st,Icon — JDS Parking (501 W 41st),501 W 41st St,https://www.google.com/maps/search/?api=1&query=Icon+%E2%80%94+JDS+Parking+%28501+W+41st%29+501+W+41st+St+New+York+NY,,,,unverified
new-york-ny,nyc-jacob-javits,Javits Center — Nearby Lots (11th Ave),429 11th Ave,https://www.google.com/maps/search/?api=1&query=Javits+Center+%E2%80%94+Nearby+Lots+%2811th+Ave%29+429+11th+Ave+New+York+NY,,,,unverified
new-york-ny,nyc-metnorth,Met Museum Garage (80th/5th area),1145 5th Ave,https://www.google.com/maps/search/?api=1&query=Met+Museum+Garage+%2880th%2F5th+area%29+1145+5th+Ave+New+York+NY,,,,unverified
new-york-ny,nyc-ewr-p1,Newark Liberty — P1 Terminal Garage,"Terminal A, EWR",https://www.google.com/maps/search/?api=1&query=Newark+Liberty+%E2%80%94+P1+Terminal+Garage+Terminal+A%2C+EWR+New+York+NY,,,,unverified
new-york-ny,nyc-wtc,World Trade Center Parking,250 Vesey St,https://www.google.com/maps/search/?api=1&query=World+Trade+Center+Parking+250+Vesey+St+New+York+NY,,,,unverified
newark-nj,nwk-bridge-st-bridge,Bridge Street Bridge (Passaic River),Bridge St over Passaic,https://www.google.com/maps/search/?api=1&query=Bridge+Street+Bridge+%28Passaic+River%29+Bridge+St+over+Passaic+Newark+NJ,,,,unverified
newark-nj,ewr-p2-garage,EWR — P2 Terminal Garage,Terminal B,https://www.google.com/maps/search/?api=1&query=EWR+%E2%80%94+P2+Terminal+Garage+Terminal+B+Newark+NJ,,,,unverified
newark-nj,ewr-p3-garage,EWR — P3 Terminal Garage,Terminal C,https://www.google.com/maps/search/?api=1&query=EWR+%E2%80%94+P3+Terminal+Garage+Terminal+C+Newark+NJ,,,,unverified
newark-nj,nwk-goethals-bridge,Goethals Bridge (I-278),I-278 over Arthur Kill,https://www.google.com/maps/search/?api=1&query=Goethals+Bridge+%28I-278%29+I-278+over+Arthur+Kill+Newark+NJ,,,,unverified
newark-nj,nwk-ironside-newark,Ironside Newark (mixed-use),110 Edison Pl,https://www.google.com/maps/search/?api=1&query=Ironside+Newark+%28mixed-use%29+110+Edison+Pl+Newark+NJ,,,,unverified
newark-nj,ewr-p1-garage,Newark Liberty (EWR) — P1 Terminal Garage,"Terminal A, EWR",https://www.google.com/maps/search/?api=1&query=Newark+Liberty+%28EWR%29+%E2%80%94+P1+Terminal+Garage+Terminal+A%2C+EWR+Newark+NJ,,,,unverified
newark-nj,nwk-newark-museum,Newark Museum of Art,49 Washington St,https://www.google.com/maps/search/?api=1&query=Newark+Museum+of+Art+49+Washington+St+Newark+NJ,,,,unverified
newark-nj,nwk-penn-station-main,Newark Penn Station — Main Garage,1 Raymond Plaza W,https://www.google.com/maps/search/?api=1&query=Newark+Penn+Station+%E2%80%94+Main+Garage+1+Raymond+Plaza+W+Newark+NJ,,,,unverified
newark-nj,nwk-symphony-hall,Newark Symphony Hall,1020 Broad St,https://www.google.com/maps/search/?api=1&query=Newark+Symphony+Hall+1020+Broad+St+Newark+NJ,,,,unverified
newark-nj,nwk-njit-garage,NJIT Parking Deck,154 Summit St,https://www.google.com/maps/search/?api=1&query=NJIT+Parking+Deck+154+Summit+St+Newark+NJ,,,,unverified
newark-nj,nwk-prudential-center,Prudential Center (Devils) Garages,25 Lafayette St,https://www.google.com/maps/search/?api=1&query=Prudential+Center+%28Devils%29+Garages+25+Lafayette+St+Newark+NJ,,,,unverified
newark-nj,nwk-pulaski-skyway-east,Pulaski Skyway — Newark approach,US-1/9 west portal,https://www.google.com/maps/search/?api=1&query=Pulaski+Skyway+%E2%80%94+Newark+approach+US-1%2F9+west+portal+Newark+NJ,,,,unverified
newark-nj,nwk-raymond-plaza,Raymond Plaza Garage,115 Mulberry St,https://www.google.com/maps/search/?api=1&query=Raymond+Plaza+Garage+115+Mulberry+St+Newark+NJ,,,,unverified
newark-nj,nwk-rutgers-newark,Rutgers-Newark — Deck I,175 University Ave,https://www.google.com/maps/search/?api=1&query=Rutgers-Newark+%E2%80%94+Deck+I+175+University+Ave+Newark+NJ,,,,unverified
oakland-ca,oak-bay-bridge-east,Bay Bridge — Eastern Span (I-80),I-80 Oakland → SF,https://www.google.com/maps/search/?api=1&query=Bay+Bridge+%E2%80%94+Eastern+Span+%28I-80%29+I-80+Oakland+%E2%86%92+SF+Oakland+CA,,,,unverified
oakland-ca,oak-fox-theater,Fox Theater Garage,1807 Telegraph Ave,https://www.google.com/maps/search/?api=1&query=Fox+Theater+Garage+1807+Telegraph+Ave+Oakland+CA,,,,unverified
oakland-ca,oak-kaiser-arena,Kaiser Convention Center / Calvin Simmons Theatre,10 10th St,https://www.google.com/maps/search/?api=1&query=Kaiser+Convention+Center+%2F+Calvin+Simmons+Theatre+10+10th+St+Oakland+CA,,,,unverified
oakland-ca,oak-airport-garage,OAK Airport — Daily Garage,1 Airport Dr,https://www.google.com/maps/search/?api=1&query=OAK+Airport+%E2%80%94+Daily+Garage+1+Airport+Dr+Oakland+CA,,,,unverified
oakland-ca,oak-chinatown,Oakland Chinatown Lots,900 Webster St,https://www.google.com/maps/search/?api=1&query=Oakland+Chinatown+Lots+900+Webster+St+Oakland+CA,,,,unverified
oakland-ca,oak-oakland-chinatown-lot,Oakland Chinatown — Pacific Renaissance Plaza,388 9th St,https://www.google.com/maps/search/?api=1&query=Oakland+Chinatown+%E2%80%94+Pacific+Renaissance+Plaza+388+9th+St+Oakland+CA,,,,unverified
oakland-ca,oak-museum-of-california,Oakland Museum of California (OMCA),1000 Oak St,https://www.google.com/maps/search/?api=1&query=Oakland+Museum+of+California+%28OMCA%29+1000+Oak+St+Oakland+CA,,,,unverified
oklahoma-city-ok,okc-bricktown-mickey,Bricktown — Mickey Mantle Garage,301 E Reno Ave,https://www.google.com/maps/search/?api=1&query=Bricktown+%E2%80%94+Mickey+Mantle+Garage+301+E+Reno+Ave+Oklahoma+City+OK,,,,unverified
oklahoma-city-ok,okc-ouhsc,OU Health Sciences Ctr — Visitor Garage,800 NE 13th St,https://www.google.com/maps/search/?api=1&query=OU+Health+Sciences+Ctr+%E2%80%94+Visitor+Garage+800+NE+13th+St+Oklahoma+City+OK,,,,unverified
oklahoma-city-ok,okc-paycom-ctr,Paycom Center (Thunder) — Arena Garage,100 W Reno Ave,https://www.google.com/maps/search/?api=1&query=Paycom+Center+%28Thunder%29+%E2%80%94+Arena+Garage+100+W+Reno+Ave+Oklahoma+City+OK,,,,unverified
oklahoma-city-ok,okc-penn-square-mall,Penn Square Mall,1901 NW Expy,https://www.google.com/maps/search/?api=1&query=Penn+Square+Mall+1901+NW+Expy+Oklahoma+City+OK,,,,unverified
oklahoma-city-ok,okc-science-museum,Science Museum Oklahoma,2020 Remington Pl,https://www.google.com/maps/search/?api=1&query=Science+Museum+Oklahoma+2020+Remington+Pl+Oklahoma+City+OK,,,,unverified
oklahoma-city-ok,okc-sheridan-walker,Sheridan-Walker Garage,501 W Sheridan Ave,https://www.google.com/maps/search/?api=1&query=Sheridan-Walker+Garage+501+W+Sheridan+Ave+Oklahoma+City+OK,,,,unverified
oklahoma-city-ok,osm-w176362361,Unnamed parking structure,,https://www.google.com/maps/search/?api=1&query=Unnamed+parking+structure+Oklahoma+City+OK,,,,unverified
omaha-ne,oma-ak-sar-ben-village,Aksarben Village,1299 S 67th St,https://www.google.com/maps/search/?api=1&query=Aksarben+Village+1299+S+67th+St+Omaha+NE,,,,unverified
omaha-ne,oma-bob-kerrey,Bob Kerrey Pedestrian Bridge,over Missouri River,https://www.google.com/maps/search/?api=1&query=Bob+Kerrey+Pedestrian+Bridge+over+Missouri+River+Omaha+NE,,,,unverified
omaha-ne,oma-chi-center,CHI Health Center Omaha Garage,455 N 10th St,https://www.google.com/maps/search/?api=1&query=CHI+Health+Center+Omaha+Garage+455+N+10th+St+Omaha+NE,,,,unverified
omaha-ne,oma-i80-i29-bridge,I-80 Missouri River Bridge,I-80 over Missouri,https://www.google.com/maps/search/?api=1&query=I-80+Missouri+River+Bridge+I-80+over+Missouri+Omaha+NE,,,,unverified
omaha-ne,oma-little-bohemia,Little Bohemia / Blackstone District,3900 Farnam St,https://www.google.com/maps/search/?api=1&query=Little+Bohemia+%2F+Blackstone+District+3900+Farnam+St+Omaha+NE,,,,unverified
omaha-ne,oma-airport-garage,Omaha Eppley (OMA) — Terminal Garage,4501 Abbott Dr,https://www.google.com/maps/search/?api=1&query=Omaha+Eppley+%28OMA%29+%E2%80%94+Terminal+Garage+4501+Abbott+Dr+Omaha+NE,,,,unverified
omaha-ne,oma-park-one,Park One Garage (Downtown),1201 Leavenworth St,https://www.google.com/maps/search/?api=1&query=Park+One+Garage+%28Downtown%29+1201+Leavenworth+St+Omaha+NE,,,,unverified
omaha-ne,oma-millard-south-market,Shadow Lake Towne Center (Papillion),"7775 Olson Dr, Papillion",https://www.google.com/maps/search/?api=1&query=Shadow+Lake+Towne+Center+%28Papillion%29+7775+Olson+Dr%2C+Papillion+Omaha+NE,,,,unverified
omaha-ne,oma-west-dodge-station,West Dodge Park & Ride,17600 West Dodge Rd,https://www.google.com/maps/search/?api=1&query=West+Dodge+Park+%26+Ride+17600+West+Dodge+Rd+Omaha+NE,,,,unverified
omaha-ne,oma-westroads,Westroads Mall,10000 California St,https://www.google.com/maps/search/?api=1&query=Westroads+Mall+10000+California+St+Omaha+NE,,,,unverified
orlando-fl,orl-dr-phillips-center,Dr. Phillips Center for Performing Arts,445 S Magnolia Ave,https://www.google.com/maps/search/?api=1&query=Dr.+Phillips+Center+for+Performing+Arts+445+S+Magnolia+Ave+Orlando+FL,,,,unverified
orlando-fl,orl-florida-mall,Florida Mall,8001 S Orange Blossom Trl,https://www.google.com/maps/search/?api=1&query=Florida+Mall+8001+S+Orange+Blossom+Trl+Orlando+FL,,,,unverified
orlando-fl,orl-icon-park,ICON Park (I-Drive 360),8375 International Dr,https://www.google.com/maps/search/?api=1&query=ICON+Park+%28I-Drive+360%29+8375+International+Dr+Orlando+FL,,,,unverified
orlando-fl,orl-intl-drive,International Drive — Pointe Orlando,9101 International Dr,https://www.google.com/maps/search/?api=1&query=International+Drive+%E2%80%94+Pointe+Orlando+9101+International+Dr+Orlando+FL,,,,unverified
orlando-fl,orl-kia-ctr,Kia Center (Magic) Garage,400 W Church St,https://www.google.com/maps/search/?api=1&query=Kia+Center+%28Magic%29+Garage+400+W+Church+St+Orlando+FL,,,,unverified
orlando-fl,orl-mco-terminal-b,MCO — Terminal B Garage,1 Jeff Fuqua Blvd,https://www.google.com/maps/search/?api=1&query=MCO+%E2%80%94+Terminal+B+Garage+1+Jeff+Fuqua+Blvd+Orlando+FL,,,,unverified
orlando-fl,orl-occc-north-south,OCCC — North/South Garage,9400 Universal Blvd,https://www.google.com/maps/search/?api=1&query=OCCC+%E2%80%94+North%2FSouth+Garage+9400+Universal+Blvd+Orlando+FL,,,,unverified
orlando-fl,orl-oc-convention-ctr,Orange County Convention Center — West Lots,9800 International Dr,https://www.google.com/maps/search/?api=1&query=Orange+County+Convention+Center+%E2%80%94+West+Lots+9800+International+Dr+Orlando+FL,,,,unverified
orlando-fl,orl-orlando-health,Orlando Health (ORMC) Visitor Garage,1414 Kuhl Ave,https://www.google.com/maps/search/?api=1&query=Orlando+Health+%28ORMC%29+Visitor+Garage+1414+Kuhl+Ave+Orlando+FL,,,,unverified
orlando-fl,orl-premium-outlets-intl,Orlando International Premium Outlets,4951 International Dr,https://www.google.com/maps/search/?api=1&query=Orlando+International+Premium+Outlets+4951+International+Dr+Orlando+FL,,,,unverified
orlando-fl,orl-premium-outlets-vineland,Orlando Vineland Premium Outlets,8200 Vineland Ave,https://www.google.com/maps/search/?api=1&query=Orlando+Vineland+Premium+Outlets+8200+Vineland+Ave+Orlando+FL,,,,unverified
orlando-fl,orl-millenia-mall,The Mall at Millenia,4200 Conroy Rd,https://www.google.com/maps/search/?api=1&query=The+Mall+at+Millenia+4200+Conroy+Rd+Orlando+FL,,,,unverified
orlando-fl,orl-universal-garages,Universal Orlando — Parking Garages,6000 Universal Blvd,https://www.google.com/maps/search/?api=1&query=Universal+Orlando+%E2%80%94+Parking+Garages+6000+Universal+Blvd+Orlando+FL,,,,unverified
philadelphia-pa,phl-comcast-ctr,Comcast Center Garage,1701 John F Kennedy Blvd,https://www.google.com/maps/search/?api=1&query=Comcast+Center+Garage+1701+John+F+Kennedy+Blvd+Philadelphia+PA,,,,unverified
philadelphia-pa,phl-drexel-garage,Drexel — Gerri C. LeBow Hall Garage,3220 Market St,https://www.google.com/maps/search/?api=1&query=Drexel+%E2%80%94+Gerri+C.+LeBow+Hall+Garage+3220+Market+St+Philadelphia+PA,,,,unverified
philadelphia-pa,phl-fashion-dist,Fashion District Philadelphia,901 Market St,https://www.google.com/maps/search/?api=1&query=Fashion+District+Philadelphia+901+Market+St+Philadelphia+PA,,,,unverified
philadelphia-pa,phl-kimmel-ctr,Kimmel Center for the Performing Arts,300 S Broad St,https://www.google.com/maps/search/?api=1&query=Kimmel+Center+for+the+Performing+Arts+300+S+Broad+St+Philadelphia+PA,,,,unverified
philadelphia-pa,phl-old-city-2nd,Old City — PPA Second Street,40 N 2nd St,https://www.google.com/maps/search/?api=1&query=Old+City+%E2%80%94+PPA+Second+Street+40+N+2nd+St+Philadelphia+PA,,,,unverified
philadelphia-pa,phl-penn-health,Penn Medicine — Perelman Center Garage,3400 Civic Center Blvd,https://www.google.com/maps/search/?api=1&query=Penn+Medicine+%E2%80%94+Perelman+Center+Garage+3400+Civic+Center+Blvd+Philadelphia+PA,,,,unverified
philadelphia-pa,phl-penn-walnut,Penn — Walnut 38 Garage,3327 Walnut St,https://www.google.com/maps/search/?api=1&query=Penn+%E2%80%94+Walnut+38+Garage+3327+Walnut+St+Philadelphia+PA,,,,unverified
philadelphia-pa,phl-penns-landing,Penn's Landing Garage,101 Columbus Blvd,https://www.google.com/maps/search/?api=1&query=Penn%27s+Landing+Garage+101+Columbus+Blvd+Philadelphia+PA,,,,unverified
philadelphia-pa,phl-8th-filbert,PPA — 8th & Filbert Garage,801 Filbert St,https://www.google.com/maps/search/?api=1&query=PPA+%E2%80%94+8th+%26+Filbert+Garage+801+Filbert+St+Philadelphia+PA,,,,unverified
philadelphia-pa,phl-rittenhouse-sq,Rittenhouse Square Parking (17th & Spruce),1705 Spruce St,https://www.google.com/maps/search/?api=1&query=Rittenhouse+Square+Parking+%2817th+%26+Spruce%29+1705+Spruce+St+Philadelphia+PA,,,,unverified
phoenix-az,phx-biltmore-fashion,Biltmore Fashion Park — Parking Garage,2502 E Camelback Rd,https://www.google.com/maps/search/?api=1&query=Biltmore+Fashion+Park+%E2%80%94+Parking+Garage+2502+E+Camelback+Rd+Phoenix+AZ,,,,unverified
phoenix-az,phx-childrens-museum,Children's Museum of Phoenix,215 N 7th St,https://www.google.com/maps/search/?api=1&query=Children%27s+Museum+of+Phoenix+215+N+7th+St+Phoenix+AZ,,,,unverified
phoenix-az,freeport,Freeport-McMoRan Garage,333 N Central Ave,https://www.google.com/maps/search/?api=1&query=Freeport-McMoRan+Garage+333+N+Central+Ave+Phoenix+AZ,,,,unverified
phoenix-az,phx-deck-park,I-10 Deck Park Tunnel (Papago Fwy),I-10 under Margaret T. Hance Park,https://www.google.com/maps/search/?api=1&query=I-10+Deck+Park+Tunnel+%28Papago+Fwy%29+I-10+under+Margaret+T.+Hance+Park+Phoenix+AZ,,,,unverified
phoenix-az,phx-kierland-commons,Kierland Commons,"15205 N Kierland Blvd, Scottsdale",https://www.google.com/maps/search/?api=1&query=Kierland+Commons+15205+N+Kierland+Blvd%2C+Scottsdale+Phoenix+AZ,,,,unverified
phoenix-az,phx-art-museum,Phoenix Art Museum Garage,1625 N Central Ave,https://www.google.com/maps/search/?api=1&query=Phoenix+Art+Museum+Garage+1625+N+Central+Ave+Phoenix+AZ,,,,unverified
phoenix-az,roosevelt-point,Roosevelt Point Garage,550 N 3rd St,https://www.google.com/maps/search/?api=1&query=Roosevelt+Point+Garage+550+N+3rd+St+Phoenix+AZ,,,,unverified
phoenix-az,phx-24thst,Sky Harbor — 24th St Station,2475 E Washington St,https://www.google.com/maps/search/?api=1&query=Sky+Harbor+%E2%80%94+24th+St+Station+2475+E+Washington+St+Phoenix+AZ,,,,unverified
phoenix-az,phx-camelback-esplanade,The Esplanade (Camelback),2525 E Camelback Rd,https://www.google.com/maps/search/?api=1&query=The+Esplanade+%28Camelback%29+2525+E+Camelback+Rd+Phoenix+AZ,,,,unverified
pittsburgh-pa,pit-convention-ctr,David L. Lawrence Convention Center,1000 Fort Duquesne Blvd,https://www.google.com/maps/search/?api=1&query=David+L.+Lawrence+Convention+Center+1000+Fort+Duquesne+Blvd+Pittsburgh+PA,,,,unverified
pittsburgh-pa,pit-downtown-fifth-ave-place,Fifth Avenue Place Garage,120 Fifth Ave,https://www.google.com/maps/search/?api=1&query=Fifth+Avenue+Place+Garage+120+Fifth+Ave+Pittsburgh+PA,,,,unverified
pittsburgh-pa,pit-fort-pitt-bridge,Fort Pitt Bridge (I-376),I-376 over Monongahela,https://www.google.com/maps/search/?api=1&query=Fort+Pitt+Bridge+%28I-376%29+I-376+over+Monongahela+Pittsburgh+PA,,,,unverified
pittsburgh-pa,pit-downtown-ninth-liberty,Ninth & Liberty Garage,900 Liberty Ave,https://www.google.com/maps/search/?api=1&query=Ninth+%26+Liberty+Garage+900+Liberty+Ave+Pittsburgh+PA,,,,unverified
pittsburgh-pa,pit-north-shore,North Shore — Casino Garage (Rivers),777 Casino Dr,https://www.google.com/maps/search/?api=1&query=North+Shore+%E2%80%94+Casino+Garage+%28Rivers%29+777+Casino+Dr+Pittsburgh+PA,,,,unverified
pittsburgh-pa,pit-airport-short,PIT Airport — Short Term Garage,1000 Airport Blvd,https://www.google.com/maps/search/?api=1&query=PIT+Airport+%E2%80%94+Short+Term+Garage+1000+Airport+Blvd+Pittsburgh+PA,,,,unverified
pittsburgh-pa,pit-airport-long,PIT — Long Term Garage,1000 Airport Blvd,https://www.google.com/maps/search/?api=1&query=PIT+%E2%80%94+Long+Term+Garage+1000+Airport+Blvd+Pittsburgh+PA,,,,unverified
pittsburgh-pa,pit-pitt-panther,Pitt — Soldiers & Sailors Garage,4141 5th Ave,https://www.google.com/maps/search/?api=1&query=Pitt+%E2%80%94+Soldiers+%26+Sailors+Garage+4141+5th+Ave+Pittsburgh+PA,,,,unverified
pittsburgh-pa,pit-pittsburgh-public,PPA First Ave Garage,345 1st Ave,https://www.google.com/maps/search/?api=1&query=PPA+First+Ave+Garage+345+1st+Ave+Pittsburgh+PA,,,,unverified
pittsburgh-pa,pit-roberto-clemente,Roberto Clemente Bridge (6th St),6th St over Allegheny,https://www.google.com/maps/search/?api=1&query=Roberto+Clemente+Bridge+%286th+St%29+6th+St+over+Allegheny+Pittsburgh+PA,,,,unverified
pittsburgh-pa,pit-ross-park,Ross Park Mall,1000 Ross Park Mall Dr,https://www.google.com/maps/search/?api=1&query=Ross+Park+Mall+1000+Ross+Park+Mall+Dr+Pittsburgh+PA,,,,unverified
pittsburgh-pa,pit-smithfield-st,Smithfield Street Bridge,Smithfield St over Mon,https://www.google.com/maps/search/?api=1&query=Smithfield+Street+Bridge+Smithfield+St+over+Mon+Pittsburgh+PA,,,,unverified
pittsburgh-pa,pit-station-square,Station Square,125 W Station Square Dr,https://www.google.com/maps/search/?api=1&query=Station+Square+125+W+Station+Square+Dr+Pittsburgh+PA,,,,unverified
portland-or,pdx-fremont-bridge,Fremont Bridge (I-405),I-405 over Willamette River,https://www.google.com/maps/search/?api=1&query=Fremont+Bridge+%28I-405%29+I-405+over+Willamette+River+Portland+OR,,,,unverified
portland-or,pdx-powells,Powell's City of Books Garage,1005 W Burnside St,https://www.google.com/maps/search/?api=1&query=Powell%27s+City+of+Books+Garage+1005+W+Burnside+St+Portland+OR,,,,unverified
portland-or,pdx-psu-1,PSU — Parking Structure 1,1875 SW Broadway,https://www.google.com/maps/search/?api=1&query=PSU+%E2%80%94+Parking+Structure+1+1875+SW+Broadway+Portland+OR,,,,unverified
portland-or,pdx-ross-island,Ross Island Bridge,US-26 over Willamette,https://www.google.com/maps/search/?api=1&query=Ross+Island+Bridge+US-26+over+Willamette+Portland+OR,,,,unverified
portland-or,pdx-smartpark-10th-yamhill,SmartPark — 10th & Yamhill,730 SW 10th Ave,https://www.google.com/maps/search/?api=1&query=SmartPark+%E2%80%94+10th+%26+Yamhill+730+SW+10th+Ave+Portland+OR,,,,unverified
portland-or,pdx-smartpark-naito-davis,SmartPark — Naito & Davis,33 NW Naito Pkwy,https://www.google.com/maps/search/?api=1&query=SmartPark+%E2%80%94+Naito+%26+Davis+33+NW+Naito+Pkwy+Portland+OR,,,,unverified
portland-or,pdx-smartpark-pearl,SmartPark — Pearl District (O'Bryant),1111 SW Harrison St,https://www.google.com/maps/search/?api=1&query=SmartPark+%E2%80%94+Pearl+District+%28O%27Bryant%29+1111+SW+Harrison+St+Portland+OR,,,,unverified
portland-or,pdx-woodburn-outlets,Woodburn Premium Outlets (south of city),"1001 N Arney Rd, Woodburn",https://www.google.com/maps/search/?api=1&query=Woodburn+Premium+Outlets+%28south+of+city%29+1001+N+Arney+Rd%2C+Woodburn+Portland+OR,,,,unverified
providence-ri,pvd-amica-pavilion,Amica Mutual Pavilion (P-Bruins),1 LaSalle Square,https://www.google.com/maps/search/?api=1&query=Amica+Mutual+Pavilion+%28P-Bruins%29+1+LaSalle+Square+Providence+RI,,,,unverified
providence-ri,pvd-twin-river-casino,Bally's Twin River Lincoln,"100 Twin River Rd, Lincoln",https://www.google.com/maps/search/?api=1&query=Bally%27s+Twin+River+Lincoln+100+Twin+River+Rd%2C+Lincoln+Providence+RI,,,,unverified
providence-ri,pvd-pell-bridge,Claiborne Pell Newport Bridge (RI-138),RI-138 over Narragansett Bay,https://www.google.com/maps/search/?api=1&query=Claiborne+Pell+Newport+Bridge+%28RI-138%29+RI-138+over+Narragansett+Bay+Providence+RI,,,,unverified
providence-ri,pvd-mt-hope-bridge,Mount Hope Bridge,RI-114 over Mt Hope Bay,https://www.google.com/maps/search/?api=1&query=Mount+Hope+Bridge+RI-114+over+Mt+Hope+Bay+Providence+RI,,,,unverified
providence-ri,pvd-newport-gateway,Newport Gateway Transportation Center,"23 America's Cup Ave, Newport",https://www.google.com/maps/search/?api=1&query=Newport+Gateway+Transportation+Center+23+America%27s+Cup+Ave%2C+Newport+Providence+RI,,,,unverified
providence-ri,pvd-newport-mansions,Newport Mansions Visitor Center (Newport),"424 Bellevue Ave, Newport",https://www.google.com/maps/search/?api=1&query=Newport+Mansions+Visitor+Center+%28Newport%29+424+Bellevue+Ave%2C+Newport+Providence+RI,,,,unverified
providence-ri,pvd-providence-children,Providence Children's Museum,100 South St,https://www.google.com/maps/search/?api=1&query=Providence+Children%27s+Museum+100+South+St+Providence+RI,,,,unverified
providence-ri,pvd-prov-performing-arts,Providence Performing Arts Center (PPAC),220 Weybosset St,https://www.google.com/maps/search/?api=1&query=Providence+Performing+Arts+Center+%28PPAC%29+220+Weybosset+St+Providence+RI,,,,unverified
providence-ri,pvd-providence-place,Providence Place Mall Garage,1 Providence Pl,https://www.google.com/maps/search/?api=1&query=Providence+Place+Mall+Garage+1+Providence+Pl+Providence+RI,,,,unverified
providence-ri,pvd-rhode-island-conv,RI Convention Center Garage,1 Sabin St,https://www.google.com/maps/search/?api=1&query=RI+Convention+Center+Garage+1+Sabin+St+Providence+RI,,,,unverified
providence-ri,pvd-risd-museum,RISD Museum,224 Benefit St,https://www.google.com/maps/search/?api=1&query=RISD+Museum+224+Benefit+St+Providence+RI,,,,unverified
providence-ri,pvd-airport-garage,TF Green (PVD) — Garage A/B,"2000 Post Rd, Warwick",https://www.google.com/maps/search/?api=1&query=TF+Green+%28PVD%29+%E2%80%94+Garage+A%2FB+2000+Post+Rd%2C+Warwick+Providence+RI,,,,unverified
providence-ri,pvd-wickford-village,Wickford Village (N. Kingstown),"7817 Post Rd, N Kingstown",https://www.google.com/maps/search/?api=1&query=Wickford+Village+%28N.+Kingstown%29+7817+Post+Rd%2C+N+Kingstown+Providence+RI,,,,unverified
raleigh-nc,osm-w764491791,Advanced Auto Parts Tower,4200 Six Forks Road,https://www.google.com/maps/search/?api=1&query=Advanced+Auto+Parts+Tower+4200+Six+Forks+Road+Raleigh+NC,,,,unverified
raleigh-nc,rdu-marbles-kids,Marbles Kids Museum,201 E Hargett St,https://www.google.com/maps/search/?api=1&query=Marbles+Kids+Museum+201+E+Hargett+St+Raleigh+NC,,,,unverified
raleigh-nc,rdu-airport-garage-1,RDU Airport — Terminal 1 Garage,2400 John Brantley Blvd,https://www.google.com/maps/search/?api=1&query=RDU+Airport+%E2%80%94+Terminal+1+Garage+2400+John+Brantley+Blvd+Raleigh+NC,,,,unverified
raleigh-nc,rdu-airport-garage-2,RDU Airport — Terminal 2 Garage,2400 John Brantley Blvd,https://www.google.com/maps/search/?api=1&query=RDU+Airport+%E2%80%94+Terminal+2+Garage+2400+John+Brantley+Blvd+Raleigh+NC,,,,unverified
raleigh-nc,rdu-triangle-town-ctr,Triangle Town Center,5959 Triangle Town Blvd,https://www.google.com/maps/search/?api=1&query=Triangle+Town+Center+5959+Triangle+Town+Blvd+Raleigh+NC,,,,unverified
raleigh-nc,rdu-cameron-village,Village District (formerly Cameron Village),2000 Cameron St,https://www.google.com/maps/search/?api=1&query=Village+District+%28formerly+Cameron+Village%29+2000+Cameron+St+Raleigh+NC,,,,unverified
raleigh-nc,rdu-wake-med,WakeMed Raleigh Medical Park Garage,3000 New Bern Ave,https://www.google.com/maps/search/?api=1&query=WakeMed+Raleigh+Medical+Park+Garage+3000+New+Bern+Ave+Raleigh+NC,,,,unverified
reno-nv,rno-i-80-truckee,I-80 — Sierra Nevada Crossings (to Donner),I-80 westbound,https://www.google.com/maps/search/?api=1&query=I-80+%E2%80%94+Sierra+Nevada+Crossings+%28to+Donner%29+I-80+westbound+Reno+NV,,,,unverified
reno-nv,rno-citycenter-garage,Reno City Center Garage,100 N Sierra St,https://www.google.com/maps/search/?api=1&query=Reno+City+Center+Garage+100+N+Sierra+St+Reno+NV,,,,unverified
reno-nv,rno-eldorado-silver-legacy-circus,The Row — Eldorado/Silver Legacy/Circus Circus Garages,345 N Virginia St,https://www.google.com/maps/search/?api=1&query=The+Row+%E2%80%94+Eldorado%2FSilver+Legacy%2FCircus+Circus+Garages+345+N+Virginia+St+Reno+NV,,,,unverified
reno-nv,rno-virginia-st-bridge,Virginia Street Bridge,Virginia St over Truckee River,https://www.google.com/maps/search/?api=1&query=Virginia+Street+Bridge+Virginia+St+over+Truckee+River+Reno+NV,,,,unverified
richmond-va,rva-17th-st-farmers,17th Street Market (Shockoe Bottom),100 N 17th St,https://www.google.com/maps/search/?api=1&query=17th+Street+Market+%28Shockoe+Bottom%29+100+N+17th+St+Richmond+VA,,,,unverified
richmond-va,rva-convention-ctr,Greater Richmond Convention Center,403 N 3rd St,https://www.google.com/maps/search/?api=1&query=Greater+Richmond+Convention+Center+403+N+3rd+St+Richmond+VA,,,,unverified
richmond-va,rva-gsk-garage,GSK Garage (Canal Walk),500 E Main St,https://www.google.com/maps/search/?api=1&query=GSK+Garage+%28Canal+Walk%29+500+E+Main+St+Richmond+VA,,,,unverified
richmond-va,rva-lee-bridge,Lee Bridge (US-1/301),Belvidere St over James,https://www.google.com/maps/search/?api=1&query=Lee+Bridge+%28US-1%2F301%29+Belvidere+St+over+James+Richmond+VA,,,,unverified
richmond-va,rva-manchester-bridge,Manchester Bridge,9th St over James River,https://www.google.com/maps/search/?api=1&query=Manchester+Bridge+9th+St+over+James+River+Richmond+VA,,,,unverified
richmond-va,rva-mayo-bridge,Mayo Bridge (US-360),US-360 over James River,https://www.google.com/maps/search/?api=1&query=Mayo+Bridge+%28US-360%29+US-360+over+James+River+Richmond+VA,,,,unverified
richmond-va,rva-airport-garage,Richmond RIC — Economy Garage,1 Richard E Byrd Terminal Dr,https://www.google.com/maps/search/?api=1&query=Richmond+RIC+%E2%80%94+Economy+Garage+1+Richard+E+Byrd+Terminal+Dr+Richmond+VA,,,,unverified
sacramento-ca,sac-arden-fair,Arden Fair Mall,1689 Arden Way,https://www.google.com/maps/search/?api=1&query=Arden+Fair+Mall+1689+Arden+Way+Sacramento+CA,,,,unverified
sacramento-ca,sac-capitol-mall,Capitol Mall Garage,980 9th St,https://www.google.com/maps/search/?api=1&query=Capitol+Mall+Garage+980+9th+St+Sacramento+CA,,,,unverified
sacramento-ca,sac-community-ctr,Community Center Garage (SAFE),1030 15th St,https://www.google.com/maps/search/?api=1&query=Community+Center+Garage+%28SAFE%29+1030+15th+St+Sacramento+CA,,,,unverified
sacramento-ca,sac-i-street-bridge,I Street Bridge,I St over Sacramento River,https://www.google.com/maps/search/?api=1&query=I+Street+Bridge+I+St+over+Sacramento+River+Sacramento+CA,,,,unverified
sacramento-ca,sac-csus-parking,Sac State — Visitor Parking Structure 3,6000 J St,https://www.google.com/maps/search/?api=1&query=Sac+State+%E2%80%94+Visitor+Parking+Structure+3+6000+J+St+Sacramento+CA,,,,unverified
sacramento-ca,sac-sutter-medical,Sutter Medical Center — Visitor Garage,2825 Capitol Ave,https://www.google.com/maps/search/?api=1&query=Sutter+Medical+Center+%E2%80%94+Visitor+Garage+2825+Capitol+Ave+Sacramento+CA,,,,unverified
sacramento-ca,sac-sutter-fort,Sutter's Fort State Historic Park,2701 L St,https://www.google.com/maps/search/?api=1&query=Sutter%27s+Fort+State+Historic+Park+2701+L+St+Sacramento+CA,,,,unverified
sacramento-ca,sac-tower-bridge,Tower Bridge (Capitol Mall),Capitol Mall over Sacramento River,https://www.google.com/maps/search/?api=1&query=Tower+Bridge+%28Capitol+Mall%29+Capitol+Mall+over+Sacramento+River+Sacramento+CA,,,,unverified
sacramento-ca,sac-50-causeway,Yolo Causeway (US-50),US-50 over Yolo Basin,https://www.google.com/maps/search/?api=1&query=Yolo+Causeway+%28US-50%29+US-50+over+Yolo+Basin+Sacramento+CA,,,,unverified
saint-paul-mn,stp-ua-midway,Midway Shopping Center / Target,1390 University Ave W,https://www.google.com/maps/search/?api=1&query=Midway+Shopping+Center+%2F+Target+1390+University+Ave+W+Saint+Paul+MN,,,,unverified
saint-paul-mn,stp-minnesota-history-ctr,Minnesota History Center,345 W Kellogg Blvd,https://www.google.com/maps/search/?api=1&query=Minnesota+History+Center+345+W+Kellogg+Blvd+Saint+Paul+MN,,,,unverified
saint-paul-mn,stp-ordway-ramp,Ordway / Kellogg Ramp,345 Washington St,https://www.google.com/maps/search/?api=1&query=Ordway+%2F+Kellogg+Ramp+345+Washington+St+Saint+Paul+MN,,,,unverified
saint-paul-mn,stp-robert-st,Robert Street Bridge,Robert St over Mississippi,https://www.google.com/maps/search/?api=1&query=Robert+Street+Bridge+Robert+St+over+Mississippi+Saint+Paul+MN,,,,unverified
saint-paul-mn,stp-lone-oak-rosedale,Rosedale Center (Roseville),"10 Rosedale Ctr, Roseville",https://www.google.com/maps/search/?api=1&query=Rosedale+Center+%28Roseville%29+10+Rosedale+Ctr%2C+Roseville+Saint+Paul+MN,,,,unverified
saint-paul-mn,stp-rivercentre,Saint Paul RiverCentre,175 W Kellogg Blvd,https://www.google.com/maps/search/?api=1&query=Saint+Paul+RiverCentre+175+W+Kellogg+Blvd+Saint+Paul+MN,,,,unverified
saint-paul-mn,stp-smith-ave-high,Smith Avenue High Bridge,Smith Ave over Mississippi,https://www.google.com/maps/search/?api=1&query=Smith+Avenue+High+Bridge+Smith+Ave+over+Mississippi+Saint+Paul+MN,,,,unverified
saint-paul-mn,stp-summit-hill,Summit Avenue Historic District,Summit Ave,https://www.google.com/maps/search/?api=1&query=Summit+Avenue+Historic+District+Summit+Ave+Saint+Paul+MN,,,,unverified
saint-paul-mn,stp-wabasha-st-bridge,Wabasha Street Bridge,Wabasha St over Mississippi,https://www.google.com/maps/search/?api=1&query=Wabasha+Street+Bridge+Wabasha+St+over+Mississippi+Saint+Paul+MN,,,,unverified
saint-paul-mn,stp-world-trade-center,World Trade Center Parking Ramp,11 E 4th St,https://www.google.com/maps/search/?api=1&query=World+Trade+Center+Parking+Ramp+11+E+4th+St+Saint+Paul+MN,,,,unverified
salt-lake-ut,slc-city-creek-center,City Creek Center Garage,50 S Main St,https://www.google.com/maps/search/?api=1&query=City+Creek+Center+Garage+50+S+Main+St+Salt+Lake+City+UT,,,,unverified
salt-lake-ut,slc-fashion-place,Fashion Place Mall (Murray),"6191 S State St, Murray",https://www.google.com/maps/search/?api=1&query=Fashion+Place+Mall+%28Murray%29+6191+S+State+St%2C+Murray+Salt+Lake+City+UT,,,,unverified
salt-lake-ut,slc-u-utah-visitor,University of Utah — Rice-Eccles Garage,451 S 1400 E,https://www.google.com/maps/search/?api=1&query=University+of+Utah+%E2%80%94+Rice-Eccles+Garage+451+S+1400+E+Salt+Lake+City+UT,,,,unverified
san-antonio-tx,sat-grand-hyatt,Grand Hyatt San Antonio Riverwalk Garage,600 E Market St,https://www.google.com/maps/search/?api=1&query=Grand+Hyatt+San+Antonio+Riverwalk+Garage+600+E+Market+St+San+Antonio+TX,,,,unverified
san-antonio-tx,sat-hemisfair,HemisFair Park Garage,434 S Alamo St,https://www.google.com/maps/search/?api=1&query=HemisFair+Park+Garage+434+S+Alamo+St+San+Antonio+TX,,,,unverified
san-antonio-tx,sat-sat-airport,San Antonio Airport — Short/Long Term,9800 Airport Blvd,https://www.google.com/maps/search/?api=1&query=San+Antonio+Airport+%E2%80%94+Short%2FLong+Term+9800+Airport+Blvd+San+Antonio+TX,,,,unverified
san-antonio-tx,sat-convention-ctr,SAPark — Convention Center Garage,125 Bowie St,https://www.google.com/maps/search/?api=1&query=SAPark+%E2%80%94+Convention+Center+Garage+125+Bowie+St+San+Antonio+TX,,,,unverified
san-antonio-tx,sat-alamo-garage,SAPark — The Alamo / Crockett Garage,211 Bonham St,https://www.google.com/maps/search/?api=1&query=SAPark+%E2%80%94+The+Alamo+%2F+Crockett+Garage+211+Bonham+St+San+Antonio+TX,,,,unverified
san-antonio-tx,sat-rivercenter,Shops at Rivercenter Garage,849 E Commerce St,https://www.google.com/maps/search/?api=1&query=Shops+at+Rivercenter+Garage+849+E+Commerce+St+San+Antonio+TX,,,,unverified
san-antonio-tx,sat-pearl-can,The Pearl — Can Plant Garage,503 Avenue A,https://www.google.com/maps/search/?api=1&query=The+Pearl+%E2%80%94+Can+Plant+Garage+503+Avenue+A+San+Antonio+TX,,,,unverified
san-antonio-tx,sat-pearl-garage,The Pearl — Full Goods Garage,200 E Grayson St,https://www.google.com/maps/search/?api=1&query=The+Pearl+%E2%80%94+Full+Goods+Garage+200+E+Grayson+St+San+Antonio+TX,,,,unverified
san-diego-ca,sd-ace-market-7th,Ace Parking — 7th & Market,655 7th Ave,https://www.google.com/maps/search/?api=1&query=Ace+Parking+%E2%80%94+7th+%26+Market+655+7th+Ave+San+Diego+CA,,,,unverified
san-diego-ca,sd-embarcadero,Embarcadero Parkade / North Cruise Ship Terminal,1140 N Harbor Dr,https://www.google.com/maps/search/?api=1&query=Embarcadero+Parkade+%2F+North+Cruise+Ship+Terminal+1140+N+Harbor+Dr+San+Diego+CA,,,,unverified
san-diego-ca,sd-la-jolla-cove,La Jolla Cove — Coast Blvd Parking,1100 Coast Blvd,https://www.google.com/maps/search/?api=1&query=La+Jolla+Cove+%E2%80%94+Coast+Blvd+Parking+1100+Coast+Blvd+San+Diego+CA,,,,unverified
san-diego-ca,sd-petco-park,Petco Park — Parkade,100 Park Blvd,https://www.google.com/maps/search/?api=1&query=Petco+Park+%E2%80%94+Parkade+100+Park+Blvd+San+Diego+CA,,,,unverified
san-diego-ca,sd-convention-ctr,San Diego Convention Center Lots,111 W Harbor Dr,https://www.google.com/maps/search/?api=1&query=San+Diego+Convention+Center+Lots+111+W+Harbor+Dr+San+Diego+CA,,,,unverified
san-francisco-ca,sf-chase-center,Chase Center Garage,1 Warriors Way,https://www.google.com/maps/search/?api=1&query=Chase+Center+Garage+1+Warriors+Way+San+Francisco+CA,,,,unverified
san-francisco-ca,sf-golden-gate,Golden Gate Bridge,US-101 over Golden Gate,https://www.google.com/maps/search/?api=1&query=Golden+Gate+Bridge+US-101+over+Golden+Gate+San+Francisco+CA,,,,unverified
san-francisco-ca,sf-presidio-parkway,Presidio Parkway Tunnels (US-101),US-101 Presidio approach,https://www.google.com/maps/search/?api=1&query=Presidio+Parkway+Tunnels+%28US-101%29+US-101+Presidio+approach+San+Francisco+CA,,,,unverified
san-francisco-ca,sf-bay-bridge,San Francisco-Oakland Bay Bridge,I-80 over SF Bay,https://www.google.com/maps/search/?api=1&query=San+Francisco-Oakland+Bay+Bridge+I-80+over+SF+Bay+San+Francisco+CA,,,,unverified
san-francisco-ca,sf-stonestown,Stonestown Galleria,3251 20th Ave,https://www.google.com/maps/search/?api=1&query=Stonestown+Galleria+3251+20th+Ave+San+Francisco+CA,,,,unverified
san-francisco-ca,sf-westfield-centre,Westfield San Francisco Centre,845 Market St,https://www.google.com/maps/search/?api=1&query=Westfield+San+Francisco+Centre+845+Market+St+San+Francisco+CA,,,,unverified
san-jose-ca,sjc-2nd-san-carlos,2nd & San Carlos Garage,45 E San Carlos St,https://www.google.com/maps/search/?api=1&query=2nd+%26+San+Carlos+Garage+45+E+San+Carlos+St+San+Jose+CA,,,,unverified
san-jose-ca,sjc-3rd-san-fernando,3rd Street Garage,55 S 3rd St,https://www.google.com/maps/search/?api=1&query=3rd+Street+Garage+55+S+3rd+St+San+Jose+CA,,,,unverified
san-jose-ca,sjc-4th-san-fernando,4th Street Garage,44 S 4th St,https://www.google.com/maps/search/?api=1&query=4th+Street+Garage+44+S+4th+St+San+Jose+CA,,,,unverified
san-jose-ca,sjc-market-san-pedro,Market & San Pedro Square Garage,45 N Market St,https://www.google.com/maps/search/?api=1&query=Market+%26+San+Pedro+Square+Garage+45+N+Market+St+San+Jose+CA,,,,unverified
san-jose-ca,sjc-airport-garage-b,San Jose Airport — Terminal B Garage,1701 Airport Blvd,https://www.google.com/maps/search/?api=1&query=San+Jose+Airport+%E2%80%94+Terminal+B+Garage+1701+Airport+Blvd+San+Jose+CA,,,,unverified
san-jose-ca,sjc-sap-center,SAP Center Parking Garage,525 W Santa Clara St,https://www.google.com/maps/search/?api=1&query=SAP+Center+Parking+Garage+525+W+Santa+Clara+St+San+Jose+CA,,,,unverified
san-jose-ca,sjc-sjsu-north,SJSU — North Garage,65 S 10th St,https://www.google.com/maps/search/?api=1&query=SJSU+%E2%80%94+North+Garage+65+S+10th+St+San+Jose+CA,,,,unverified
san-jose-ca,sjc-sjsu-south,SJSU — South Garage,377 S 7th St,https://www.google.com/maps/search/?api=1&query=SJSU+%E2%80%94+South+Garage+377+S+7th+St+San+Jose+CA,,,,unverified
san-jose-ca,sjc-tech-museum,Tech Interactive (Tech Museum) Garage,201 S Market St,https://www.google.com/maps/search/?api=1&query=Tech+Interactive+%28Tech+Museum%29+Garage+201+S+Market+St+San+Jose+CA,,,,unverified
san-jose-ca,sjc-valley-fair,Westfield Valley Fair Mall,2855 Stevens Creek Blvd,https://www.google.com/maps/search/?api=1&query=Westfield+Valley+Fair+Mall+2855+Stevens+Creek+Blvd+San+Jose+CA,,,,unverified
san-juan-pr,osm-w142324879,Doña Fela,,https://www.google.com/maps/search/?api=1&query=Do%C3%B1a+Fela+San+Juan+PR,,,,unverified
san-juan-pr,osm-w315249557,Estacionamiento Conservatorio de Música,,https://www.google.com/maps/search/?api=1&query=Estacionamiento+Conservatorio+de+M%C3%BAsica+San+Juan+PR,,,,unverified
san-juan-pr,osm-w196616520,Estacionamiento COOPEEM,,https://www.google.com/maps/search/?api=1&query=Estacionamiento+COOPEEM+San+Juan+PR,,,,unverified
san-juan-pr,osm-w406029495,Estacionamiento de TeleOnce (Univisión),,https://www.google.com/maps/search/?api=1&query=Estacionamiento+de+TeleOnce+%28Univisi%C3%B3n%29+San+Juan+PR,,,,unverified
san-juan-pr,osm-w1452827719,Estacionamiento San Fernando,,https://www.google.com/maps/search/?api=1&query=Estacionamiento+San+Fernando+San+Juan+PR,,,,unverified
san-juan-pr,osm-w1422801448,Garaje Manuel,,https://www.google.com/maps/search/?api=1&query=Garaje+Manuel+San+Juan+PR,,,,unverified
san-juan-pr,osm-n5259279422,Marriott Car Parking,,https://www.google.com/maps/search/?api=1&query=Marriott+Car+Parking+San+Juan+PR,,,,unverified
san-juan-pr,osm-w1427494883,Multinational Insurance,,https://www.google.com/maps/search/?api=1&query=Multinational+Insurance+San+Juan+PR,,,,unverified
san-juan-pr,osm-w423200238,Multipiso 1,,https://www.google.com/maps/search/?api=1&query=Multipiso+1+San+Juan+PR,,,,unverified
san-juan-pr,osm-w294778382,Multipiso 2,,https://www.google.com/maps/search/?api=1&query=Multipiso+2+San+Juan+PR,,,,unverified
san-juan-pr,osm-w1477824115,Multipiso Arquitecto Antonio Miró Montilla,,https://www.google.com/maps/search/?api=1&query=Multipiso+Arquitecto+Antonio+Mir%C3%B3+Montilla+San+Juan+PR,,,,unverified
san-juan-pr,osm-w535072256,Multipiso de la Casa Alcaldía de Cataño,,https://www.google.com/maps/search/?api=1&query=Multipiso+de+la+Casa+Alcald%C3%ADa+de+Cata%C3%B1o+San+Juan+PR,,,,unverified
san-juan-pr,osm-w72750399,Multipiso de la Plaza Universitaria,,https://www.google.com/maps/search/?api=1&query=Multipiso+de+la+Plaza+Universitaria+San+Juan+PR,,,,unverified
san-juan-pr,osm-w442757258,Multipiso de Plaza Escorial,,https://www.google.com/maps/search/?api=1&query=Multipiso+de+Plaza+Escorial+San+Juan+PR,,,,unverified
san-juan-pr,osm-w529120818,Multipiso de Pza. Carolina,,https://www.google.com/maps/search/?api=1&query=Multipiso+de+Pza.+Carolina+San+Juan+PR,,,,unverified
san-juan-pr,osm-w202157726,Multipiso del Aeropuerto,Taxi ONLY,https://www.google.com/maps/search/?api=1&query=Multipiso+del+Aeropuerto+Taxi+ONLY+San+Juan+PR,,,,unverified
san-juan-pr,osm-w302349880,Multipiso del Auxilio Mutuo,,https://www.google.com/maps/search/?api=1&query=Multipiso+del+Auxilio+Mutuo+San+Juan+PR,,,,unverified
san-juan-pr,osm-w381155929,Multipiso Este,,https://www.google.com/maps/search/?api=1&query=Multipiso+Este+San+Juan+PR,,,,unverified
san-juan-pr,osm-w335063784,Multipiso Oeste,,https://www.google.com/maps/search/?api=1&query=Multipiso+Oeste+San+Juan+PR,,,,unverified
san-juan-pr,osm-w294824667,Multipiso San Patricio Plaza,,https://www.google.com/maps/search/?api=1&query=Multipiso+San+Patricio+Plaza+San+Juan+PR,,,,unverified
san-juan-pr,osm-w20885732,Multipisos UPRRP,,https://www.google.com/maps/search/?api=1&query=Multipisos+UPRRP+San+Juan+PR,,,,unverified
san-juan-pr,osm-w261400250,Parking Edificio Agencias Ambientales,,https://www.google.com/maps/search/?api=1&query=Parking+Edificio+Agencias+Ambientales+San+Juan+PR,,,,unverified
san-juan-pr,osm-w256258731,Paseo Portuario,,https://www.google.com/maps/search/?api=1&query=Paseo+Portuario+San+Juan+PR,,,,unverified
san-juan-pr,osm-w1425330684,Policía de Puerto Rico,,https://www.google.com/maps/search/?api=1&query=Polic%C3%ADa+de+Puerto+Rico+San+Juan+PR,,,,unverified
san-juan-pr,osm-n2629870533,Unnamed parking structure,,https://www.google.com/maps/search/?api=1&query=Unnamed+parking+structure+San+Juan+PR,,,,unverified
san-juan-pr,osm-w196616522,Unnamed parking structure,,https://www.google.com/maps/search/?api=1&query=Unnamed+parking+structure+San+Juan+PR,,,,unverified
san-juan-pr,osm-w204984397,Unnamed parking structure,,https://www.google.com/maps/search/?api=1&query=Unnamed+parking+structure+San+Juan+PR,,,,unverified
san-juan-pr,osm-w259665839,Unnamed parking structure,Avenida Roberto H. Todd,https://www.google.com/maps/search/?api=1&query=Unnamed+parking+structure+Avenida+Roberto+H.+Todd+San+Juan+PR,,,,unverified
san-juan-pr,osm-w260045401,Unnamed parking structure,Calle Navas,https://www.google.com/maps/search/?api=1&query=Unnamed+parking+structure+Calle+Navas+San+Juan+PR,,,,unverified
san-juan-pr,osm-w279836654,Unnamed parking structure,,https://www.google.com/maps/search/?api=1&query=Unnamed+parking+structure+San+Juan+PR,,,,unverified
san-juan-pr,osm-w286614623,Unnamed parking structure,,https://www.google.com/maps/search/?api=1&query=Unnamed+parking+structure+San+Juan+PR,,,,unverified
san-juan-pr,osm-w286614637,Unnamed parking structure,,https://www.google.com/maps/search/?api=1&query=Unnamed+parking+structure+San+Juan+PR,,,,unverified
san-juan-pr,osm-w287414787,Unnamed parking structure,,https://www.google.com/maps/search/?api=1&query=Unnamed+parking+structure+San+Juan+PR,,,,unverified
san-juan-pr,osm-w291699280,Unnamed parking structure,,https://www.google.com/maps/search/?api=1&query=Unnamed+parking+structure+San+Juan+PR,,,,unverified
san-juan-pr,osm-w292446820,Unnamed parking structure,,https://www.google.com/maps/search/?api=1&query=Unnamed+parking+structure+San+Juan+PR,,,,unverified
san-juan-pr,osm-w294778379,Unnamed parking structure,,https://www.google.com/maps/search/?api=1&query=Unnamed+parking+structure+San+Juan+PR,,,,unverified
san-juan-pr,osm-w295180950,Unnamed parking structure,,https://www.google.com/maps/search/?api=1&query=Unnamed+parking+structure+San+Juan+PR,,,,unverified
san-juan-pr,osm-w301166958,Unnamed parking structure,,https://www.google.com/maps/search/?api=1&query=Unnamed+parking+structure+San+Juan+PR,,,,unverified
san-juan-pr,osm-w302318251,Unnamed parking structure,,https://www.google.com/maps/search/?api=1&query=Unnamed+parking+structure+San+Juan+PR,,,,unverified
san-juan-pr,osm-w303119026,Unnamed parking structure,,https://www.google.com/maps/search/?api=1&query=Unnamed+parking+structure+San+Juan+PR,,,,unverified
san-juan-pr,osm-w303895470,Unnamed parking structure,,https://www.google.com/maps/search/?api=1&query=Unnamed+parking+structure+San+Juan+PR,,,,unverified
san-juan-pr,osm-w308611509,Unnamed parking structure,,https://www.google.com/maps/search/?api=1&query=Unnamed+parking+structure+San+Juan+PR,,,,unverified
san-juan-pr,osm-w308667247,Unnamed parking structure,,https://www.google.com/maps/search/?api=1&query=Unnamed+parking+structure+San+Juan+PR,,,,unverified
san-juan-pr,osm-w308740091,Unnamed parking structure,,https://www.google.com/maps/search/?api=1&query=Unnamed+parking+structure+San+Juan+PR,,,,unverified
san-juan-pr,osm-w327591708,Unnamed parking structure,,https://www.google.com/maps/search/?api=1&query=Unnamed+parking+structure+San+Juan+PR,,,,unverified
san-juan-pr,osm-w335246112,Unnamed parking structure,,https://www.google.com/maps/search/?api=1&query=Unnamed+parking+structure+San+Juan+PR,,,,unverified
san-juan-pr,osm-w336017462,Unnamed parking structure,,https://www.google.com/maps/search/?api=1&query=Unnamed+parking+structure+San+Juan+PR,,,,unverified
san-juan-pr,osm-w338131767,Unnamed parking structure,51-24 Avenida Dr. Gilberto Concepción de Gracia / Avenida Principal Norte,https://www.google.com/maps/search/?api=1&query=Unnamed+parking+structure+51-24+Avenida+Dr.+Gilberto+Concepci%C3%B3n+de+Gracia+%2F+Avenida+Principal+Norte+San+Juan+PR,,,,unverified
san-juan-pr,osm-w338133514,Unnamed parking structure,,https://www.google.com/maps/search/?api=1&query=Unnamed+parking+structure+San+Juan+PR,,,,unverified
san-juan-pr,osm-w338720338,Unnamed parking structure,,https://www.google.com/maps/search/?api=1&query=Unnamed+parking+structure+San+Juan+PR,,,,unverified
san-juan-pr,osm-w338720407,Unnamed parking structure,,https://www.google.com/maps/search/?api=1&query=Unnamed+parking+structure+San+Juan+PR,,,,unverified
san-juan-pr,osm-w338894658,Unnamed parking structure,,https://www.google.com/maps/search/?api=1&query=Unnamed+parking+structure+San+Juan+PR,,,,unverified
san-juan-pr,osm-w364185169,Unnamed parking structure,,https://www.google.com/maps/search/?api=1&query=Unnamed+parking+structure+San+Juan+PR,,,,unverified
san-juan-pr,osm-w365173490,Unnamed parking structure,,https://www.google.com/maps/search/?api=1&query=Unnamed+parking+structure+San+Juan+PR,,,,unverified
san-juan-pr,osm-w366501047,Unnamed parking structure,,https://www.google.com/maps/search/?api=1&query=Unnamed+parking+structure+San+Juan+PR,,,,unverified
san-juan-pr,osm-w372993594,Unnamed parking structure,,https://www.google.com/maps/search/?api=1&query=Unnamed+parking+structure+San+Juan+PR,,,,unverified
san-juan-pr,osm-w376864011,Unnamed parking structure,,https://www.google.com/maps/search/?api=1&query=Unnamed+parking+structure+San+Juan+PR,,,,unverified
san-juan-pr,osm-w381416332,Unnamed parking structure,,https://www.google.com/maps/search/?api=1&query=Unnamed+parking+structure+San+Juan+PR,,,,unverified
san-juan-pr,osm-w403560305,Unnamed parking structure,,https://www.google.com/maps/search/?api=1&query=Unnamed+parking+structure+San+Juan+PR,,,,unverified
san-juan-pr,osm-w403560366,Unnamed parking structure,,https://www.google.com/maps/search/?api=1&query=Unnamed+parking+structure+San+Juan+PR,,,,unverified
san-juan-pr,osm-w414784950,Unnamed parking structure,,https://www.google.com/maps/search/?api=1&query=Unnamed+parking+structure+San+Juan+PR,,,,unverified
san-juan-pr,osm-w440269103,Unnamed parking structure,,https://www.google.com/maps/search/?api=1&query=Unnamed+parking+structure+San+Juan+PR,,,,unverified
san-juan-pr,osm-w440676239,Unnamed parking structure,,https://www.google.com/maps/search/?api=1&query=Unnamed+parking+structure+San+Juan+PR,,,,unverified
san-juan-pr,osm-w440987147,Unnamed parking structure,,https://www.google.com/maps/search/?api=1&query=Unnamed+parking+structure+San+Juan+PR,,,,unverified
san-juan-pr,osm-w467657082,Unnamed parking structure,,https://www.google.com/maps/search/?api=1&query=Unnamed+parking+structure+San+Juan+PR,,,,unverified
san-juan-pr,osm-w479046869,Unnamed parking structure,,https://www.google.com/maps/search/?api=1&query=Unnamed+parking+structure+San+Juan+PR,,,,unverified
san-juan-pr,osm-w528192734,Unnamed parking structure,,https://www.google.com/maps/search/?api=1&query=Unnamed+parking+structure+San+Juan+PR,,,,unverified
san-juan-pr,osm-w533290331,Unnamed parking structure,,https://www.google.com/maps/search/?api=1&query=Unnamed+parking+structure+San+Juan+PR,,,,unverified
san-juan-pr,osm-w540422022,Unnamed parking structure,,https://www.google.com/maps/search/?api=1&query=Unnamed+parking+structure+San+Juan+PR,,,,unverified
san-juan-pr,osm-w609734246,Unnamed parking structure,,https://www.google.com/maps/search/?api=1&query=Unnamed+parking+structure+San+Juan+PR,,,,unverified
san-juan-pr,osm-w754719096,Unnamed parking structure,,https://www.google.com/maps/search/?api=1&query=Unnamed+parking+structure+San+Juan+PR,,,,unverified
san-juan-pr,osm-w1037433179,Unnamed parking structure,,https://www.google.com/maps/search/?api=1&query=Unnamed+parking+structure+San+Juan+PR,,,,unverified
san-juan-pr,osm-w1079118729,Unnamed parking structure,,https://www.google.com/maps/search/?api=1&query=Unnamed+parking+structure+San+Juan+PR,,,,unverified
san-juan-pr,osm-w1079315304,Unnamed parking structure,,https://www.google.com/maps/search/?api=1&query=Unnamed+parking+structure+San+Juan+PR,,,,unverified
san-juan-pr,osm-w1119206317,Unnamed parking structure,,https://www.google.com/maps/search/?api=1&query=Unnamed+parking+structure+San+Juan+PR,,,,unverified
san-juan-pr,osm-w1148709218,Unnamed parking structure,,https://www.google.com/maps/search/?api=1&query=Unnamed+parking+structure+San+Juan+PR,,,,unverified
san-juan-pr,osm-w1155295518,Unnamed parking structure,,https://www.google.com/maps/search/?api=1&query=Unnamed+parking+structure+San+Juan+PR,,,,unverified
san-juan-pr,osm-w1383598478,Unnamed parking structure,,https://www.google.com/maps/search/?api=1&query=Unnamed+parking+structure+San+Juan+PR,,,,unverified
san-juan-pr,osm-w1390558571,Unnamed parking structure,,https://www.google.com/maps/search/?api=1&query=Unnamed+parking+structure+San+Juan+PR,,,,unverified
san-juan-pr,osm-w1414919095,Unnamed parking structure,,https://www.google.com/maps/search/?api=1&query=Unnamed+parking+structure+San+Juan+PR,,,,unverified
san-juan-pr,osm-w1422633340,Unnamed parking structure,,https://www.google.com/maps/search/?api=1&query=Unnamed+parking+structure+San+Juan+PR,,,,unverified
san-juan-pr,osm-w1427248215,Unnamed parking structure,,https://www.google.com/maps/search/?api=1&query=Unnamed+parking+structure+San+Juan+PR,,,,unverified
san-juan-pr,osm-w1432514315,Unnamed parking structure,,https://www.google.com/maps/search/?api=1&query=Unnamed+parking+structure+San+Juan+PR,,,,unverified
san-juan-pr,osm-w1434454933,Unnamed parking structure,,https://www.google.com/maps/search/?api=1&query=Unnamed+parking+structure+San+Juan+PR,,,,unverified
san-juan-pr,osm-w1434489922,Unnamed parking structure,,https://www.google.com/maps/search/?api=1&query=Unnamed+parking+structure+San+Juan+PR,,,,unverified
san-juan-pr,osm-w1435277128,Unnamed parking structure,,https://www.google.com/maps/search/?api=1&query=Unnamed+parking+structure+San+Juan+PR,,,,unverified
san-juan-pr,osm-w1435289949,Unnamed parking structure,,https://www.google.com/maps/search/?api=1&query=Unnamed+parking+structure+San+Juan+PR,,,,unverified
san-juan-pr,osm-w1436277354,Unnamed parking structure,,https://www.google.com/maps/search/?api=1&query=Unnamed+parking+structure+San+Juan+PR,,,,unverified
san-juan-pr,osm-w1449415621,Unnamed parking structure,,https://www.google.com/maps/search/?api=1&query=Unnamed+parking+structure+San+Juan+PR,,,,unverified
san-juan-pr,osm-w1464418586,Unnamed parking structure,,https://www.google.com/maps/search/?api=1&query=Unnamed+parking+structure+San+Juan+PR,,,,unverified
san-juan-pr,osm-r5414864,Unnamed parking structure,,https://www.google.com/maps/search/?api=1&query=Unnamed+parking+structure+San+Juan+PR,,,,unverified
santa-barbara-ca,sba-camino-real-mkt,Camino Real Marketplace (Goleta),"7000 Marketplace Dr, Goleta",https://www.google.com/maps/search/?api=1&query=Camino+Real+Marketplace+%28Goleta%29+7000+Marketplace+Dr%2C+Goleta+Santa+Barbara+CA,,,,unverified
santa-barbara-ca,sba-gaviota-tunnel-approach,Gaviota Pass (US-101),US-101 Gaviota,https://www.google.com/maps/search/?api=1&query=Gaviota+Pass+%28US-101%29+US-101+Gaviota+Santa+Barbara+CA,,,,unverified
santa-barbara-ca,sba-lot-3-canon-perdido,Lot 3 — 1003 De La Vina Garage,1003 De La Vina St,https://www.google.com/maps/search/?api=1&query=Lot+3+%E2%80%94+1003+De+La+Vina+Garage+1003+De+La+Vina+St+Santa+Barbara+CA,,,,unverified
savannah-ga,sav-bonaventure,Bonaventure Cemetery,330 Bonaventure Rd,https://www.google.com/maps/search/?api=1&query=Bonaventure+Cemetery+330+Bonaventure+Rd+Savannah+GA,,,,unverified
savannah-ga,sav-bryan-st-garage,Bryan Street Garage,100 E Bryan St,https://www.google.com/maps/search/?api=1&query=Bryan+Street+Garage+100+E+Bryan+St+Savannah+GA,,,,unverified
savannah-ga,sav-talmadge-bridge,Eugene Talmadge Memorial Bridge,US-17 over Savannah River,https://www.google.com/maps/search/?api=1&query=Eugene+Talmadge+Memorial+Bridge+US-17+over+Savannah+River+Savannah+GA,,,,unverified
savannah-ga,sav-lazaretto-creek,Lazaretto Creek Bridge (US-80),US-80 near Tybee,https://www.google.com/maps/search/?api=1&query=Lazaretto+Creek+Bridge+%28US-80%29+US-80+near+Tybee+Savannah+GA,,,,unverified
savannah-ga,sav-oatland-island,Oatland Island Wildlife Center,711 Sandtown Rd,https://www.google.com/maps/search/?api=1&query=Oatland+Island+Wildlife+Center+711+Sandtown+Rd+Savannah+GA,,,,unverified
savannah-ga,sav-oglethorpe-mall,Oglethorpe Mall,7804 Abercorn St,https://www.google.com/maps/search/?api=1&query=Oglethorpe+Mall+7804+Abercorn+St+Savannah+GA,,,,unverified
savannah-ga,sav-plant-riverside,Plant Riverside District Garage,400 W River St,https://www.google.com/maps/search/?api=1&query=Plant+Riverside+District+Garage+400+W+River+St+Savannah+GA,,,,unverified
savannah-ga,sav-airport,Savannah/Hilton Head SAV Garage,400 Airways Ave,https://www.google.com/maps/search/?api=1&query=Savannah%2FHilton+Head+SAV+Garage+400+Airways+Ave+Savannah+GA,,,,unverified
savannah-ga,sav-state-st-garage,State Street Garage,100 E State St,https://www.google.com/maps/search/?api=1&query=State+Street+Garage+100+E+State+St+Savannah+GA,,,,unverified
savannah-ga,sav-tanger-outlets,Tanger Outlets Savannah (Pooler),"200 Tanger Outlets Blvd, Pooler",https://www.google.com/maps/search/?api=1&query=Tanger+Outlets+Savannah+%28Pooler%29+200+Tanger+Outlets+Blvd%2C+Pooler+Savannah+GA,,,,unverified
savannah-ga,sav-whitaker-garage,Whitaker Street Garage,100 W Oglethorpe Ave,https://www.google.com/maps/search/?api=1&query=Whitaker+Street+Garage+100+W+Oglethorpe+Ave+Savannah+GA,,,,unverified
savannah-ga,sav-wormsloe,Wormsloe Historic Site,7601 Skidaway Rd,https://www.google.com/maps/search/?api=1&query=Wormsloe+Historic+Site+7601+Skidaway+Rd+Savannah+GA,,,,unverified
scottsdale-az,sco-cosanti,Cosanti (Soleri Studio),"6433 E Doubletree Ranch Rd, Paradise Valley",https://www.google.com/maps/search/?api=1&query=Cosanti+%28Soleri+Studio%29+6433+E+Doubletree+Ranch+Rd%2C+Paradise+Valley+Scottsdale+AZ,,,,unverified
scottsdale-az,sco-paradise-valley-mall,PV (Paradise Valley) Mall — status redevelopment,4550 E Cactus Rd,https://www.google.com/maps/search/?api=1&query=PV+%28Paradise+Valley%29+Mall+%E2%80%94+status+redevelopment+4550+E+Cactus+Rd+Scottsdale+AZ,,,,unverified
scottsdale-az,sco-fashion-square,Scottsdale Fashion Square,7014 E Camelback Rd,https://www.google.com/maps/search/?api=1&query=Scottsdale+Fashion+Square+7014+E+Camelback+Rd+Scottsdale+AZ,,,,unverified
scottsdale-az,sco-scottsdale-quarter,Scottsdale Quarter,15059 N Scottsdale Rd,https://www.google.com/maps/search/?api=1&query=Scottsdale+Quarter+15059+N+Scottsdale+Rd+Scottsdale+AZ,,,,unverified
scottsdale-az,sco-five-star-hotel-resorts,The Phoenician Resort,6000 E Camelback Rd,https://www.google.com/maps/search/?api=1&query=The+Phoenician+Resort+6000+E+Camelback+Rd+Scottsdale+AZ,,,,unverified
scottsdale-az,sco-quarter-garage,The Quarter Parking Garage,15257 N Scottsdale Rd,https://www.google.com/maps/search/?api=1&query=The+Quarter+Parking+Garage+15257+N+Scottsdale+Rd+Scottsdale+AZ,,,,unverified
scottsdale-az,sco-museum-of-west,Western Spirit: Scottsdale's Museum of the West,3830 N Marshall Way,https://www.google.com/maps/search/?api=1&query=Western+Spirit%3A+Scottsdale%27s+Museum+of+the+West+3830+N+Marshall+Way+Scottsdale+AZ,,,,unverified
seattle-wa,sea-battery-st,Battery Street Tunnel (decommissioned),Former SR-99 under Battery St,https://www.google.com/maps/search/?api=1&query=Battery+Street+Tunnel+%28decommissioned%29+Former+SR-99+under+Battery+St+Seattle+WA,,,,unverified
seattle-wa,sea-magnolia-bridge,Magnolia Bridge,W Garfield St / W Galer St,https://www.google.com/maps/search/?api=1&query=Magnolia+Bridge+W+Garfield+St+%2F+W+Galer+St+Seattle+WA,,,,unverified
seattle-wa,sea-west-seattle,West Seattle Bridge (high level),SW Spokane St,https://www.google.com/maps/search/?api=1&query=West+Seattle+Bridge+%28high+level%29+SW+Spokane+St+Seattle+WA,,,,unverified
south-lake-tahoe-ca,slt-echo-summit,Echo Summit (US-50),US-50 summit,https://www.google.com/maps/search/?api=1&query=Echo+Summit+%28US-50%29+US-50+summit+South+Lake+Tahoe+CA,,,,unverified
south-lake-tahoe-ca,slt-emerald-bay-vista,Emerald Bay State Park Vista Point,CA-89 @ Emerald Bay,https://www.google.com/maps/search/?api=1&query=Emerald+Bay+State+Park+Vista+Point+CA-89+%40+Emerald+Bay+South+Lake+Tahoe+CA,,,,unverified
south-lake-tahoe-ca,slt-heavenly-village,Heavenly Village (Shops at Heavenly) Garage,1001 Heavenly Village Way,https://www.google.com/maps/search/?api=1&query=Heavenly+Village+%28Shops+at+Heavenly%29+Garage+1001+Heavenly+Village+Way+South+Lake+Tahoe+CA,,,,unverified
south-lake-tahoe-ca,slt-i-80-donner,I-80 Donner Pass (summit + bridges),I-80 Donner Pass,https://www.google.com/maps/search/?api=1&query=I-80+Donner+Pass+%28summit+%2B+bridges%29+I-80+Donner+Pass+South+Lake+Tahoe+CA,,,,unverified
south-lake-tahoe-ca,slt-chandlers-golf,Lake Tahoe Golf Course,2500 Emerald Bay Rd,https://www.google.com/maps/search/?api=1&query=Lake+Tahoe+Golf+Course+2500+Emerald+Bay+Rd+South+Lake+Tahoe+CA,,,,unverified
south-lake-tahoe-ca,slt-ski-run-marina,Ski Run Marina Village,900 Ski Run Blvd,https://www.google.com/maps/search/?api=1&query=Ski+Run+Marina+Village+900+Ski+Run+Blvd+South+Lake+Tahoe+CA,,,,unverified
south-lake-tahoe-ca,slt-tahoe-keys-marina,Tahoe Keys Marina,2435 Venice Dr,https://www.google.com/maps/search/?api=1&query=Tahoe+Keys+Marina+2435+Venice+Dr+South+Lake+Tahoe+CA,,,,unverified
south-lake-tahoe-ca,slt-tahoe-shuttle-hub,TART Transit Park & Ride (Lakeside Inn),"Lakeside Inn, Stateline NV",https://www.google.com/maps/search/?api=1&query=TART+Transit+Park+%26+Ride+%28Lakeside+Inn%29+Lakeside+Inn%2C+Stateline+NV+South+Lake+Tahoe+CA,,,,unverified
spokane-wa,spk-parking-3rd-main,City — 3rd & Howard Garage,315 W 3rd Ave,https://www.google.com/maps/search/?api=1&query=City+%E2%80%94+3rd+%26+Howard+Garage+315+W+3rd+Ave+Spokane+WA,,,,unverified
spokane-wa,spk-diamond-parking,Diamond — Downtown Garages,Multiple,https://www.google.com/maps/search/?api=1&query=Diamond+%E2%80%94+Downtown+Garages+Multiple+Spokane+WA,,,,unverified
spokane-wa,spk-division-st-bridge,Division Street Bridge,Division St over Spokane River,https://www.google.com/maps/search/?api=1&query=Division+Street+Bridge+Division+St+over+Spokane+River+Spokane+WA,,,,unverified
spokane-wa,spk-i90-spokane-falls,I-90 — Spokane River Crossings,I-90 through downtown,https://www.google.com/maps/search/?api=1&query=I-90+%E2%80%94+Spokane+River+Crossings+I-90+through+downtown+Spokane+WA,,,,unverified
spokane-wa,spk-kendall-yards,Kendall Yards,1335 W Summit Pkwy,https://www.google.com/maps/search/?api=1&query=Kendall+Yards+1335+W+Summit+Pkwy+Spokane+WA,,,,unverified
spokane-wa,spk-maple-st-bridge,Maple Street Bridge,Maple St over Spokane River,https://www.google.com/maps/search/?api=1&query=Maple+Street+Bridge+Maple+St+over+Spokane+River+Spokane+WA,,,,unverified
spokane-wa,spk-mobius-children,Mobius Discovery Center,331 N Post St,https://www.google.com/maps/search/?api=1&query=Mobius+Discovery+Center+331+N+Post+St+Spokane+WA,,,,unverified
spokane-wa,spk-monroe-st-bridge,Monroe Street Bridge,Monroe St over Spokane River,https://www.google.com/maps/search/?api=1&query=Monroe+Street+Bridge+Monroe+St+over+Spokane+River+Spokane+WA,,,,unverified
spokane-wa,spk-northtown-mall,NorthTown Mall,4750 N Division St,https://www.google.com/maps/search/?api=1&query=NorthTown+Mall+4750+N+Division+St+Spokane+WA,,,,unverified
spokane-wa,spk-spokane-arena,Spokane Arena Garage,720 W Mallon Ave,https://www.google.com/maps/search/?api=1&query=Spokane+Arena+Garage+720+W+Mallon+Ave+Spokane+WA,,,,unverified
spokane-wa,spk-spokane-valley-mall,Spokane Valley Mall,"14700 E Indiana Ave, Spokane Valley",https://www.google.com/maps/search/?api=1&query=Spokane+Valley+Mall+14700+E+Indiana+Ave%2C+Spokane+Valley+Spokane+WA,,,,unverified
st-louis-mo,stl-ameristar-casino,Ameristar Casino St. Charles,"1 Ameristar Blvd, St Charles",https://www.google.com/maps/search/?api=1&query=Ameristar+Casino+St.+Charles+1+Ameristar+Blvd%2C+St+Charles+St.+Louis+MO,,,,unverified
st-louis-mo,stl-ballpark-village,Ballpark Village Garage,601 Clark Ave,https://www.google.com/maps/search/?api=1&query=Ballpark+Village+Garage+601+Clark+Ave+St.+Louis+MO,,,,unverified
st-louis-mo,stl-city-foundry,City Foundry STL,3730 Foundry Way,https://www.google.com/maps/search/?api=1&query=City+Foundry+STL+3730+Foundry+Way+St.+Louis+MO,,,,unverified
st-louis-mo,stl-city-park,CityPark (St. Louis City SC),2100 Market St,https://www.google.com/maps/search/?api=1&query=CityPark+%28St.+Louis+City+SC%29+2100+Market+St+St.+Louis+MO,,,,unverified
st-louis-mo,stl-eads-bridge,Eads Bridge,Washington Ave over Mississippi,https://www.google.com/maps/search/?api=1&query=Eads+Bridge+Washington+Ave+over+Mississippi+St.+Louis+MO,,,,unverified
st-louis-mo,stl-enterprise-center,Enterprise Center (Blues) Garage,1401 Clark Ave,https://www.google.com/maps/search/?api=1&query=Enterprise+Center+%28Blues%29+Garage+1401+Clark+Ave+St.+Louis+MO,,,,unverified
st-louis-mo,stl-martin-luther-king-bridge,Martin Luther King Bridge (US-40),US-40 over Mississippi,https://www.google.com/maps/search/?api=1&query=Martin+Luther+King+Bridge+%28US-40%29+US-40+over+Mississippi+St.+Louis+MO,,,,unverified
st-louis-mo,stl-clayton-plaza-frontenac,Plaza Frontenac,1701 S Lindbergh Blvd,https://www.google.com/maps/search/?api=1&query=Plaza+Frontenac+1701+S+Lindbergh+Blvd+St.+Louis+MO,,,,unverified
st-louis-mo,stl-airport-short,St. Louis Lambert (STL) — Short Term,10701 Lambert International Blvd,https://www.google.com/maps/search/?api=1&query=St.+Louis+Lambert+%28STL%29+%E2%80%94+Short+Term+10701+Lambert+International+Blvd+St.+Louis+MO,,,,unverified
st-louis-mo,stl-union-station,St. Louis Union Station Hotel,1820 Market St,https://www.google.com/maps/search/?api=1&query=St.+Louis+Union+Station+Hotel+1820+Market+St+St.+Louis+MO,,,,unverified
st-louis-mo,stl-stan-musial,Stan Musial Veterans Memorial Bridge (I-70),I-70 over Mississippi,https://www.google.com/maps/search/?api=1&query=Stan+Musial+Veterans+Memorial+Bridge+%28I-70%29+I-70+over+Mississippi+St.+Louis+MO,,,,unverified
tampa-fl,tpa-centro-ybor,Centro Ybor Garage,1600 E 8th Ave,https://www.google.com/maps/search/?api=1&query=Centro+Ybor+Garage+1600+E+8th+Ave+Tampa+FL,,,,unverified
tampa-fl,tpa-courtney-campbell,Courtney Campbell Causeway,SR-60 over Old Tampa Bay,https://www.google.com/maps/search/?api=1&query=Courtney+Campbell+Causeway+SR-60+over+Old+Tampa+Bay+Tampa+FL,,,,unverified
tampa-fl,tpa-florida-aquarium,Florida Aquarium Lot,701 Channelside Dr,https://www.google.com/maps/search/?api=1&query=Florida+Aquarium+Lot+701+Channelside+Dr+Tampa+FL,,,,unverified
tampa-fl,tpa-gandy,Gandy Bridge,US-92 over Tampa Bay,https://www.google.com/maps/search/?api=1&query=Gandy+Bridge+US-92+over+Tampa+Bay+Tampa+FL,,,,unverified
tampa-fl,tpa-howard-frankland,Howard Frankland Bridge,I-275 over Tampa Bay,https://www.google.com/maps/search/?api=1&query=Howard+Frankland+Bridge+I-275+over+Tampa+Bay+Tampa+FL,,,,unverified
tampa-fl,tpa-hyde-park-village,Hyde Park Village,742 S Village Cir,https://www.google.com/maps/search/?api=1&query=Hyde+Park+Village+742+S+Village+Cir+Tampa+FL,,,,unverified
tampa-fl,tpa-international-plaza,International Plaza & Bay Street,2223 N Westshore Blvd,https://www.google.com/maps/search/?api=1&query=International+Plaza+%26+Bay+Street+2223+N+Westshore+Blvd+Tampa+FL,,,,unverified
tampa-fl,tpa-port-cruise,Port Tampa Bay — Channelside Garage,815 Channelside Dr,https://www.google.com/maps/search/?api=1&query=Port+Tampa+Bay+%E2%80%94+Channelside+Garage+815+Channelside+Dr+Tampa+FL,,,,unverified
tampa-fl,tpa-ikon-channelside,Sparkman Wharf / Channelside,615 Channelside Dr,https://www.google.com/maps/search/?api=1&query=Sparkman+Wharf+%2F+Channelside+615+Channelside+Dr+Tampa+FL,,,,unverified
tampa-fl,tpa-sunshine-skyway,Sunshine Skyway Bridge (I-275),I-275 over Tampa Bay,https://www.google.com/maps/search/?api=1&query=Sunshine+Skyway+Bridge+%28I-275%29+I-275+over+Tampa+Bay+Tampa+FL,,,,unverified
tampa-fl,tpa-convention-ctr,Tampa Convention Center Lot,333 S Franklin St,https://www.google.com/maps/search/?api=1&query=Tampa+Convention+Center+Lot+333+S+Franklin+St+Tampa+FL,,,,unverified
tampa-fl,tpa-tampa-theatre,Tampa Theatre / Downtown Garage,711 N Franklin St,https://www.google.com/maps/search/?api=1&query=Tampa+Theatre+%2F+Downtown+Garage+711+N+Franklin+St+Tampa+FL,,,,unverified
tampa-fl,tpa-usf-tampa,USF Tampa — Visitor Parking,4202 E Fowler Ave,https://www.google.com/maps/search/?api=1&query=USF+Tampa+%E2%80%94+Visitor+Parking+4202+E+Fowler+Ave+Tampa+FL,,,,unverified
tampa-fl,tpa-westshore-plaza,WestShore Plaza,250 Westshore Plaza,https://www.google.com/maps/search/?api=1&query=WestShore+Plaza+250+Westshore+Plaza+Tampa+FL,,,,unverified
tampa-fl,tpa-poe-garage,William F. Poe Garage,802 N Ashley Dr,https://www.google.com/maps/search/?api=1&query=William+F.+Poe+Garage+802+N+Ashley+Dr+Tampa+FL,,,,unverified
toledo-oh,tol-anthony-wayne,Anthony Wayne Bridge (High Level),SR-25 over Maumee River,https://www.google.com/maps/search/?api=1&query=Anthony+Wayne+Bridge+%28High+Level%29+SR-25+over+Maumee+River+Toledo+OH,,,,unverified
toledo-oh,tol-huntington-arena,Huntington Center (Walleye),500 Jefferson Ave,https://www.google.com/maps/search/?api=1&query=Huntington+Center+%28Walleye%29+500+Jefferson+Ave+Toledo+OH,,,,unverified
toledo-oh,tol-imagination-station,Imagination Station,1 Discovery Way,https://www.google.com/maps/search/?api=1&query=Imagination+Station+1+Discovery+Way+Toledo+OH,,,,unverified
toledo-oh,tol-rudolph-libby-glass,Libbey Glass Outlet,205 S Erie St,https://www.google.com/maps/search/?api=1&query=Libbey+Glass+Outlet+205+S+Erie+St+Toledo+OH,,,,unverified
toledo-oh,tol-one-seagate,One SeaGate Tower Garage,1 SeaGate,https://www.google.com/maps/search/?api=1&query=One+SeaGate+Tower+Garage+1+SeaGate+Toledo+OH,,,,unverified
toledo-oh,tol-seagate-convention,SeaGate Convention Centre,401 Jefferson Ave,https://www.google.com/maps/search/?api=1&query=SeaGate+Convention+Centre+401+Jefferson+Ave+Toledo+OH,,,,unverified
toledo-oh,tol-botanical-gardens,Toledo Botanical Garden,5403 Elmer Dr,https://www.google.com/maps/search/?api=1&query=Toledo+Botanical+Garden+5403+Elmer+Dr+Toledo+OH,,,,unverified
toledo-oh,tol-valentine-theatre,Valentine Theatre Garage,400 N Superior St,https://www.google.com/maps/search/?api=1&query=Valentine+Theatre+Garage+400+N+Superior+St+Toledo+OH,,,,unverified
toledo-oh,tol-veterans-glass,Veterans' Glass City Skyway (I-280),I-280 over Maumee River,https://www.google.com/maps/search/?api=1&query=Veterans%27+Glass+City+Skyway+%28I-280%29+I-280+over+Maumee+River+Toledo+OH,,,,unverified
toledo-oh,tol-west-field-shopping,Westfield Franklin Park,5001 Monroe St,https://www.google.com/maps/search/?api=1&query=Westfield+Franklin+Park+5001+Monroe+St+Toledo+OH,,,,unverified
tucson-az,tus-depot-garage,Depot Plaza Garage,420 N 5th Ave,https://www.google.com/maps/search/?api=1&query=Depot+Plaza+Garage+420+N+5th+Ave+Tucson+AZ,,,,unverified
tucson-az,tus-mercado-san-agustin,Mercado San Agustín,100 S Avenida del Convento,https://www.google.com/maps/search/?api=1&query=Mercado+San+Agust%C3%ADn+100+S+Avenida+del+Convento+Tucson+AZ,,,,unverified
tucson-az,tus-park-mall,Park Place Mall,5870 E Broadway Blvd,https://www.google.com/maps/search/?api=1&query=Park+Place+Mall+5870+E+Broadway+Blvd+Tucson+AZ,,,,unverified
tucson-az,tus-saguaro-west-bajada,Saguaro NP West — Bajada Loop Drive,Bajada Loop Dr,https://www.google.com/maps/search/?api=1&query=Saguaro+NP+West+%E2%80%94+Bajada+Loop+Drive+Bajada+Loop+Dr+Tucson+AZ,,,,unverified
tucson-az,tus-sentinel-peak,Sentinel Peak (A Mountain) Access Road,Sentinel Peak Rd,https://www.google.com/maps/search/?api=1&query=Sentinel+Peak+%28A+Mountain%29+Access+Road+Sentinel+Peak+Rd+Tucson+AZ,,,,unverified
tucson-az,tus-tucson-conv-ctr,Tucson Convention Center Lots,260 S Church Ave,https://www.google.com/maps/search/?api=1&query=Tucson+Convention+Center+Lots+260+S+Church+Ave+Tucson+AZ,,,,unverified
tucson-az,tus-tucson-mall,Tucson Mall,4500 N Oracle Rd,https://www.google.com/maps/search/?api=1&query=Tucson+Mall+4500+N+Oracle+Rd+Tucson+AZ,,,,unverified
tucson-az,tus-foothills-mall,Tucson Premium Outlets (Marana),6401 W Marana Center Blvd,https://www.google.com/maps/search/?api=1&query=Tucson+Premium+Outlets+%28Marana%29+6401+W+Marana+Center+Blvd+Tucson+AZ,,,,unverified
tucson-az,tus-airport-main,Tucson TUS Airport — Main Garage,7250 S Tucson Blvd,https://www.google.com/maps/search/?api=1&query=Tucson+TUS+Airport+%E2%80%94+Main+Garage+7250+S+Tucson+Blvd+Tucson+AZ,,,,unverified
tulsa-ok,tul-11th-st-bridge,11th Street Bridge (Cyrus Avery),11th St over Arkansas River,https://www.google.com/maps/search/?api=1&query=11th+Street+Bridge+%28Cyrus+Avery%29+11th+St+over+Arkansas+River+Tulsa+OK,,,,unverified
tulsa-ok,tul-bok-center,BOK Center Arena Garage,200 S Denver Ave,https://www.google.com/maps/search/?api=1&query=BOK+Center+Arena+Garage+200+S+Denver+Ave+Tulsa+OK,,,,unverified
tulsa-ok,tul-convention-ctr,Cox Business Convention Center Garage,100 Civic Center,https://www.google.com/maps/search/?api=1&query=Cox+Business+Convention+Center+Garage+100+Civic+Center+Tulsa+OK,,,,unverified
tulsa-ok,tul-i-244-arkansas,I-244 Arkansas River Bridge,I-244 over Arkansas River,https://www.google.com/maps/search/?api=1&query=I-244+Arkansas+River+Bridge+I-244+over+Arkansas+River+Tulsa+OK,,,,unverified
tulsa-ok,tul-jenks-riverwalk,Jenks Riverwalk / OK Aquarium,"300 Aquarium Dr, Jenks",https://www.google.com/maps/search/?api=1&query=Jenks+Riverwalk+%2F+OK+Aquarium+300+Aquarium+Dr%2C+Jenks+Tulsa+OK,,,,unverified
tulsa-ok,tul-airport-garage,Tulsa International Airport Garage,7777 E Apache St,https://www.google.com/maps/search/?api=1&query=Tulsa+International+Airport+Garage+7777+E+Apache+St+Tulsa+OK,,,,unverified
tulsa-ok,tul-williams-ctr,Williams Tower Garage,One Williams Ctr,https://www.google.com/maps/search/?api=1&query=Williams+Tower+Garage+One+Williams+Ctr+Tulsa+OK,,,,unverified
tulsa-ok,tul-woodland-hills,Woodland Hills Mall,7021 S Memorial Dr,https://www.google.com/maps/search/?api=1&query=Woodland+Hills+Mall+7021+S+Memorial+Dr+Tulsa+OK,,,,unverified
virginia-beach-va,osm-w402400559,9th Street Municipal Parking Deck,812 Atlantic Avenue,https://www.google.com/maps/search/?api=1&query=9th+Street+Municipal+Parking+Deck+812+Atlantic+Avenue+Virginia+Beach+VA,,,,unverified
virginia-beach-va,vb-cbbt,Chesapeake Bay Bridge-Tunnel (US-13),US-13 over/under Chesapeake Bay,https://www.google.com/maps/search/?api=1&query=Chesapeake+Bay+Bridge-Tunnel+%28US-13%29+US-13+over%2Funder+Chesapeake+Bay+Virginia+Beach+VA,,,,unverified
virginia-beach-va,vb-chrysler-museum,Chrysler Museum of Art (Norfolk),"1 Memorial Pl, Norfolk",https://www.google.com/maps/search/?api=1&query=Chrysler+Museum+of+Art+%28Norfolk%29+1+Memorial+Pl%2C+Norfolk+Virginia+Beach+VA,,,,unverified
virginia-beach-va,osm-w402296807,Holiday Inn & Suites,205 39th Street,https://www.google.com/maps/search/?api=1&query=Holiday+Inn+%26+Suites+205+39th+Street+Virginia+Beach+VA,,,,unverified
virginia-beach-va,vb-lesner-bridge,Lesner Bridge (Shore Dr),Shore Dr over Lynnhaven Inlet,https://www.google.com/maps/search/?api=1&query=Lesner+Bridge+%28Shore+Dr%29+Shore+Dr+over+Lynnhaven+Inlet+Virginia+Beach+VA,,,,unverified
virginia-beach-va,vb-lynnhaven-mall,Lynnhaven Mall,701 Lynnhaven Pkwy,https://www.google.com/maps/search/?api=1&query=Lynnhaven+Mall+701+Lynnhaven+Pkwy+Virginia+Beach+VA,,,,unverified
virginia-beach-va,vb-oceanfront-4th,Oceanfront — 4th Street Garage,401 Atlantic Ave,https://www.google.com/maps/search/?api=1&query=Oceanfront+%E2%80%94+4th+Street+Garage+401+Atlantic+Ave+Virginia+Beach+VA,,,,unverified
virginia-beach-va,vb-sandler-ctr,Sandler Center for the Performing Arts,201 Market St,https://www.google.com/maps/search/?api=1&query=Sandler+Center+for+the+Performing+Arts+201+Market+St+Virginia+Beach+VA,,,,unverified
virginia-beach-va,vb-town-center,Town Center of Virginia Beach,4549 Commerce St,https://www.google.com/maps/search/?api=1&query=Town+Center+of+Virginia+Beach+4549+Commerce+St+Virginia+Beach+VA,,,,unverified
virginia-beach-va,osm-w402413116,Unnamed parking structure,,https://www.google.com/maps/search/?api=1&query=Unnamed+parking+structure+Virginia+Beach+VA,,,,unverified
virginia-beach-va,vb-contemporary-art,Virginia MOCA (Contemporary Art),2200 Parks Ave,https://www.google.com/maps/search/?api=1&query=Virginia+MOCA+%28Contemporary+Art%29+2200+Parks+Ave+Virginia+Beach+VA,,,,unverified
washington-dc,dc-mem-bridge,Arlington Memorial Bridge,Memorial Ave over Potomac,https://www.google.com/maps/search/?api=1&query=Arlington+Memorial+Bridge+Memorial+Ave+over+Potomac+Washington+DC,,,,unverified
washington-dc,dc-capital-one-arena,Capital One Arena Garage (events only),601 F St NW,https://www.google.com/maps/search/?api=1&query=Capital+One+Arena+Garage+%28events+only%29+601+F+St+NW+Washington+DC,,,,unverified
washington-dc,dc-dupont,Dupont Circle Area Garages,1150 Connecticut Ave NW,https://www.google.com/maps/search/?api=1&query=Dupont+Circle+Area+Garages+1150+Connecticut+Ave+NW+Washington+DC,,,,unverified
washington-dc,dc-pentagon-city,Fashion Centre at Pentagon City (VA),"1100 S Hayes St, Arlington VA",https://www.google.com/maps/search/?api=1&query=Fashion+Centre+at+Pentagon+City+%28VA%29+1100+S+Hayes+St%2C+Arlington+VA+Washington+DC,,,,unverified
washington-dc,dc-key-bridge,Francis Scott Key Bridge,M St NW over Potomac,https://www.google.com/maps/search/?api=1&query=Francis+Scott+Key+Bridge+M+St+NW+over+Potomac+Washington+DC,,,,unverified
washington-dc,dc-gallery-place,Gallery Place Garage,701 H St NW,https://www.google.com/maps/search/?api=1&query=Gallery+Place+Garage+701+H+St+NW+Washington+DC,,,,unverified
washington-dc,dc-georgetown,Georgetown Park Garage,3222 M St NW,https://www.google.com/maps/search/?api=1&query=Georgetown+Park+Garage+3222+M+St+NW+Washington+DC,,,,unverified
washington-dc,dc-howard-univ,Howard University Visitor Garage,2400 Sherman Ave NW,https://www.google.com/maps/search/?api=1&query=Howard+University+Visitor+Garage+2400+Sherman+Ave+NW+Washington+DC,,,,unverified
washington-dc,iad-daily-garage,IAD Dulles — Daily Garage 1/2,"1 Saarinen Cir, Dulles VA",https://www.google.com/maps/search/?api=1&query=IAD+Dulles+%E2%80%94+Daily+Garage+1%2F2+1+Saarinen+Cir%2C+Dulles+VA+Washington+DC,,,,unverified
washington-dc,dc-kennedy-ctr,Kennedy Center Garage,2700 F St NW,https://www.google.com/maps/search/?api=1&query=Kennedy+Center+Garage+2700+F+St+NW+Washington+DC,,,,unverified
washington-dc,dc-smithsonian-mall-lot,National Mall Surface Lots (limited),Madison Dr NW,https://www.google.com/maps/search/?api=1&query=National+Mall+Surface+Lots+%28limited%29+Madison+Dr+NW+Washington+DC,,,,unverified
washington-dc,dc-nats-park,Nationals Park — Garage A/B/C,1500 S Capitol St SE,https://www.google.com/maps/search/?api=1&query=Nationals+Park+%E2%80%94+Garage+A%2FB%2FC+1500+S+Capitol+St+SE+Washington+DC,,,,unverified
washington-dc,dc-the-wharf,The Wharf Garage,800 Wharf St SW,https://www.google.com/maps/search/?api=1&query=The+Wharf+Garage+800+Wharf+St+SW+Washington+DC,,,,unverified
washington-dc,dc-tysons-corner,Tysons Corner Center (VA),"1961 Chain Bridge Rd, McLean VA",https://www.google.com/maps/search/?api=1&query=Tysons+Corner+Center+%28VA%29+1961+Chain+Bridge+Rd%2C+McLean+VA+Washington+DC,,,,unverified
washington-dc,dc-walter-washington,Walter E. Washington Convention Center Garage,801 Mt Vernon Pl NW,https://www.google.com/maps/search/?api=1&query=Walter+E.+Washington+Convention+Center+Garage+801+Mt+Vernon+Pl+NW+Washington+DC,,,,unverified
washington-dc,dc-washington-hilton,Washington Hilton Garage,1919 Connecticut Ave NW,https://www.google.com/maps/search/?api=1&query=Washington+Hilton+Garage+1919+Connecticut+Ave+NW+Washington+DC,,,,unverified
wichita-ks,wic-century-2,Century II Convention Hall Garage,225 W Douglas Ave,https://www.google.com/maps/search/?api=1&query=Century+II+Convention+Hall+Garage+225+W+Douglas+Ave+Wichita+KS,,,,unverified
wichita-ks,wic-koch-arena,Charles Koch Arena (WSU Basketball),1845 Fairmount St,https://www.google.com/maps/search/?api=1&query=Charles+Koch+Arena+%28WSU+Basketball%29+1845+Fairmount+St+Wichita+KS,,,,unverified
wichita-ks,wic-intrust-bank-arena,Intrust Bank Arena Garage,500 E Waterman St,https://www.google.com/maps/search/?api=1&query=Intrust+Bank+Arena+Garage+500+E+Waterman+St+Wichita+KS,,,,unverified
wichita-ks,wic-newmarket-square,New Market Square,2441 N Maize Rd,https://www.google.com/maps/search/?api=1&query=New+Market+Square+2441+N+Maize+Rd+Wichita+KS,,,,unverified
wichita-ks,wic-riverside-bridge,Riverside Drive Bridge (Arkansas River),Riverside Dr over Arkansas River,https://www.google.com/maps/search/?api=1&query=Riverside+Drive+Bridge+%28Arkansas+River%29+Riverside+Dr+over+Arkansas+River+Wichita+KS,,,,unverified
wichita-ks,wic-towne-west,Towne West Square,4600 W Kellogg Dr,https://www.google.com/maps/search/?api=1&query=Towne+West+Square+4600+W+Kellogg+Dr+Wichita+KS,,,,unverified
wichita-ks,wic-airport-garage,Wichita Eisenhower (ICT) Garage,2277 Eisenhower Airport Pkwy,https://www.google.com/maps/search/?api=1&query=Wichita+Eisenhower+%28ICT%29+Garage+2277+Eisenhower+Airport+Pkwy+Wichita+KS,,,,unverified
wichita-ks,wic-wsu,Wichita State — Visitor Garage,1845 Fairmount St,https://www.google.com/maps/search/?api=1&query=Wichita+State+%E2%80%94+Visitor+Garage+1845+Fairmount+St+Wichita+KS,,,,unverified
wilmington-de,osm-w455880922,City Center Wilmington Parking,208 West 12th Street,https://www.google.com/maps/search/?api=1&query=City+Center+Wilmington+Parking+208+West+12th+Street+Wilmington+DE,,,,unverified
wilmington-de,osm-w1226041163,Parking Garage E,,https://www.google.com/maps/search/?api=1&query=Parking+Garage+E+Wilmington+DE,,,,unverified
wilmington-de,osm-w83887702,Unnamed parking structure,,https://www.google.com/maps/search/?api=1&query=Unnamed+parking+structure+Wilmington+DE,,,,unverified
wilmington-de,osm-w108283408,Unnamed parking structure,,https://www.google.com/maps/search/?api=1&query=Unnamed+parking+structure+Wilmington+DE,,,,unverified
wilmington-de,osm-w144843216,Unnamed parking structure,,https://www.google.com/maps/search/?api=1&query=Unnamed+parking+structure+Wilmington+DE,,,,unverified
wilmington-de,osm-w204684437,Unnamed parking structure,,https://www.google.com/maps/search/?api=1&query=Unnamed+parking+structure+Wilmington+DE,,,,unverified
wilmington-de,osm-w544090122,Unnamed parking structure,,https://www.google.com/maps/search/?api=1&query=Unnamed+parking+structure+Wilmington+DE,,,,unverified
wilmington-de,osm-w570293483,Unnamed parking structure,,https://www.google.com/maps/search/?api=1&query=Unnamed+parking+structure+Wilmington+DE,,,,unverified
wilmington-de,osm-w615638817,Unnamed parking structure,,https://www.google.com/maps/search/?api=1&query=Unnamed+parking+structure+Wilmington+DE,,,,unverified
wilmington-de,osm-w700803704,Unnamed parking structure,,https://www.google.com/maps/search/?api=1&query=Unnamed+parking+structure+Wilmington+DE,,,,unverified
wilmington-de,osm-w1255337562,Unnamed parking structure,,https://www.google.com/maps/search/?api=1&query=Unnamed+parking+structure+Wilmington+DE,,,,unverified
wilmington-de,osm-w1289400529,Unnamed parking structure,,https://www.google.com/maps/search/?api=1&query=Unnamed+parking+structure+Wilmington+DE,,,,unverified
wilmington-de,osm-w1331426086,Unnamed parking structure,,https://www.google.com/maps/search/?api=1&query=Unnamed+parking+structure+Wilmington+DE,,,,unverified
wilmington-de,osm-w1415201435,Unnamed parking structure,,https://www.google.com/maps/search/?api=1&query=Unnamed+parking+structure+Wilmington+DE,,,,unverified
wilmington-de,osm-w1491027873,Unnamed parking structure,,https://www.google.com/maps/search/?api=1&query=Unnamed+parking+structure+Wilmington+DE,,,,unverified
wilmington-de,osm-w1491044305,Unnamed parking structure,,https://www.google.com/maps/search/?api=1&query=Unnamed+parking+structure+Wilmington+DE,,,,unverified
wilmington-de,osm-w1491684892,Unnamed parking structure,,https://www.google.com/maps/search/?api=1&query=Unnamed+parking+structure+Wilmington+DE,,,,unverified
wilmington-de,osm-w1491684897,Unnamed parking structure,,https://www.google.com/maps/search/?api=1&query=Unnamed+parking+structure+Wilmington+DE,,,,unverified
wilmington-de,osm-w1491687093,Unnamed parking structure,,https://www.google.com/maps/search/?api=1&query=Unnamed+parking+structure+Wilmington+DE,,,,unverified
wilmington-de,osm-w1491687897,Unnamed parking structure,,https://www.google.com/maps/search/?api=1&query=Unnamed+parking+structure+Wilmington+DE,,,,unverified
wilmington-de,osm-w1494497349,Unnamed parking structure,,https://www.google.com/maps/search/?api=1&query=Unnamed+parking+structure+Wilmington+DE,,,,unverified
wilmington-de,osm-w1495831415,Unnamed parking structure,,https://www.google.com/maps/search/?api=1&query=Unnamed+parking+structure+Wilmington+DE,,,,unverified
wilmington-de,osm-w1495831421,Unnamed parking structure,,https://www.google.com/maps/search/?api=1&query=Unnamed+parking+structure+Wilmington+DE,,,,unverified
wilmington-de,osm-w1495835448,Unnamed parking structure,,https://www.google.com/maps/search/?api=1&query=Unnamed+parking+structure+Wilmington+DE,,,,unverified
